<?xml version="1.0" encoding="ISO-8859-1" ?>
<link_info>
   <banner>TI ARM Linker PC v18.1.2.LTS</banner>
   <copyright>Copyright (c) 1996-2017 Texas Instruments Incorporated</copyright>
   <link_time>0x5b44b63c</link_time>
   <link_errors>0x0</link_errors>
   <output_file>LED_Ctrl1.out</output_file>
   <entry_point>
      <name>_c_int00_noinit_noargs</name>
      <address>0x56d</address>
   </entry_point>
   <input_file_list>
      <input_file id="fl-2">
         <path>.\</path>
         <kind>object</kind>
         <file>main.obj</file>
         <name>main.obj</name>
      </input_file>
      <input_file id="fl-3">
         <path>.\</path>
         <kind>object</kind>
         <file>tm4c123gh6pm_startup_ccs.obj</file>
         <name>tm4c123gh6pm_startup_ccs.obj</name>
      </input_file>
      <input_file id="fl-9">
         <kind>object</kind>
         <file>&lt;internal&gt;</file>
         <name>&lt;internal&gt;</name>
      </input_file>
      <input_file id="fl-bf">
         <path>D:\ti\ccsv8\tools\compiler\ti-cgt-arm_18.1.2.LTS\lib\</path>
         <kind>archive</kind>
         <file>rtsv7M4_T_le_v4SPD16_eabi.lib</file>
         <name>boot_cortex_m.c.obj</name>
      </input_file>
      <input_file id="fl-c0">
         <path>D:\ti\TivaWare_C_Series-2.1.4.178\driverlib\ccs\Debug\</path>
         <kind>archive</kind>
         <file>driverlib.lib</file>
         <name>gpio.obj</name>
      </input_file>
      <input_file id="fl-c1">
         <path>D:\ti\TivaWare_C_Series-2.1.4.178\driverlib\ccs\Debug\</path>
         <kind>archive</kind>
         <file>driverlib.lib</file>
         <name>interrupt.obj</name>
      </input_file>
      <input_file id="fl-c2">
         <path>D:\ti\TivaWare_C_Series-2.1.4.178\driverlib\ccs\Debug\</path>
         <kind>archive</kind>
         <file>driverlib.lib</file>
         <name>cpu.obj</name>
      </input_file>
      <input_file id="fl-c3">
         <path>D:\ti\TivaWare_C_Series-2.1.4.178\driverlib\ccs\Debug\</path>
         <kind>archive</kind>
         <file>driverlib.lib</file>
         <name>sysctl.obj</name>
      </input_file>
      <input_file id="fl-c4">
         <path>D:\ti\ccsv8\tools\compiler\ti-cgt-arm_18.1.2.LTS\lib\</path>
         <kind>archive</kind>
         <file>rtsv7M4_T_le_v4SPD16_eabi.lib</file>
         <name>autoinit.c.obj</name>
      </input_file>
      <input_file id="fl-c5">
         <path>D:\ti\ccsv8\tools\compiler\ti-cgt-arm_18.1.2.LTS\lib\</path>
         <kind>archive</kind>
         <file>rtsv7M4_T_le_v4SPD16_eabi.lib</file>
         <name>copy_decompress_lzss.c.obj</name>
      </input_file>
      <input_file id="fl-c6">
         <path>D:\ti\ccsv8\tools\compiler\ti-cgt-arm_18.1.2.LTS\lib\</path>
         <kind>archive</kind>
         <file>rtsv7M4_T_le_v4SPD16_eabi.lib</file>
         <name>copy_decompress_none.c.obj</name>
      </input_file>
      <input_file id="fl-c7">
         <path>D:\ti\ccsv8\tools\compiler\ti-cgt-arm_18.1.2.LTS\lib\</path>
         <kind>archive</kind>
         <file>rtsv7M4_T_le_v4SPD16_eabi.lib</file>
         <name>copy_zero_init.c.obj</name>
      </input_file>
      <input_file id="fl-c8">
         <path>D:\ti\ccsv8\tools\compiler\ti-cgt-arm_18.1.2.LTS\lib\</path>
         <kind>archive</kind>
         <file>rtsv7M4_T_le_v4SPD16_eabi.lib</file>
         <name>args_main.c.obj</name>
      </input_file>
      <input_file id="fl-c9">
         <path>D:\ti\ccsv8\tools\compiler\ti-cgt-arm_18.1.2.LTS\lib\</path>
         <kind>archive</kind>
         <file>rtsv7M4_T_le_v4SPD16_eabi.lib</file>
         <name>pre_init.c.obj</name>
      </input_file>
      <input_file id="fl-ca">
         <path>D:\ti\ccsv8\tools\compiler\ti-cgt-arm_18.1.2.LTS\lib\</path>
         <kind>archive</kind>
         <file>rtsv7M4_T_le_v4SPD16_eabi.lib</file>
         <name>cpy_tbl.c.obj</name>
      </input_file>
      <input_file id="fl-cb">
         <path>D:\ti\ccsv8\tools\compiler\ti-cgt-arm_18.1.2.LTS\lib\</path>
         <kind>archive</kind>
         <file>rtsv7M4_T_le_v4SPD16_eabi.lib</file>
         <name>exit.c.obj</name>
      </input_file>
      <input_file id="fl-cc">
         <path>D:\ti\ccsv8\tools\compiler\ti-cgt-arm_18.1.2.LTS\lib\</path>
         <kind>archive</kind>
         <file>rtsv7M4_T_le_v4SPD16_eabi.lib</file>
         <name>_lock.c.obj</name>
      </input_file>
      <input_file id="fl-cd">
         <path>D:\ti\ccsv8\tools\compiler\ti-cgt-arm_18.1.2.LTS\lib\</path>
         <kind>archive</kind>
         <file>rtsv7M4_T_le_v4SPD16_eabi.lib</file>
         <name>memcpy_t2.asm.obj</name>
      </input_file>
      <input_file id="fl-ce">
         <path>D:\ti\ccsv8\tools\compiler\ti-cgt-arm_18.1.2.LTS\lib\</path>
         <kind>archive</kind>
         <file>rtsv7M4_T_le_v4SPD16_eabi.lib</file>
         <name>memset_t2.asm.obj</name>
      </input_file>
   </input_file_list>
   <object_component_list>
      <object_component id="oc-f">
         <name>.intvecs</name>
         <load_address>0x0</load_address>
         <run_address>0x0</run_address>
         <size>0x26c</size>
         <input_file_ref idref="fl-3"/>
      </object_component>
      <object_component id="oc-d8">
         <name>.text:GPIOPadConfigSet</name>
         <load_address>0x26c</load_address>
         <run_address>0x26c</run_address>
         <size>0x132</size>
         <input_file_ref idref="fl-c0"/>
      </object_component>
      <object_component id="oc-c0">
         <name>.text:SysCtlClockSet</name>
         <load_address>0x3a0</load_address>
         <run_address>0x3a0</run_address>
         <size>0xf4</size>
         <input_file_ref idref="fl-c3"/>
      </object_component>
      <object_component id="oc-de">
         <name>.text:IntEnable</name>
         <load_address>0x494</load_address>
         <run_address>0x494</run_address>
         <size>0x68</size>
         <input_file_ref idref="fl-c1"/>
      </object_component>
      <object_component id="oc-98">
         <name>.text</name>
         <load_address>0x4fc</load_address>
         <run_address>0x4fc</run_address>
         <size>0x3c</size>
         <input_file_ref idref="fl-2"/>
      </object_component>
      <object_component id="oc-c6">
         <name>.text:SysCtlPeripheralEnable</name>
         <load_address>0x538</load_address>
         <run_address>0x538</run_address>
         <size>0x34</size>
         <input_file_ref idref="fl-c3"/>
      </object_component>
      <object_component id="oc-50">
         <name>.text:_c_int00_noinit_noargs:_c_int00_noinit_noargs</name>
         <load_address>0x56c</load_address>
         <run_address>0x56c</run_address>
         <size>0x30</size>
         <input_file_ref idref="fl-bf"/>
      </object_component>
      <object_component id="oc-12e">
         <name>.text:GPIODirModeSet</name>
         <load_address>0x59c</load_address>
         <run_address>0x59c</run_address>
         <size>0x2a</size>
         <input_file_ref idref="fl-c0"/>
      </object_component>
      <object_component id="oc-d2">
         <name>.text:GPIOPinTypeGPIOOutput</name>
         <load_address>0x5c6</load_address>
         <run_address>0x5c6</run_address>
         <size>0x18</size>
         <input_file_ref idref="fl-c0"/>
      </object_component>
      <object_component id="oc-cc">
         <name>.text:GPIOPinTypeGPIOInput</name>
         <load_address>0x5de</load_address>
         <run_address>0x5de</run_address>
         <size>0x12</size>
         <input_file_ref idref="fl-c0"/>
      </object_component>
      <object_component id="oc-24">
         <name>.text</name>
         <load_address>0x5f0</load_address>
         <run_address>0x5f0</run_address>
         <size>0xc</size>
         <input_file_ref idref="fl-3"/>
      </object_component>
      <object_component id="oc-125">
         <name>.text:SysCtlDelay</name>
         <load_address>0x5fc</load_address>
         <run_address>0x5fc</run_address>
         <size>0x6</size>
         <input_file_ref idref="fl-c3"/>
      </object_component>
      <object_component id="oc-92">
         <name>.text:_system_pre_init</name>
         <load_address>0x602</load_address>
         <run_address>0x602</run_address>
         <size>0x4</size>
         <input_file_ref idref="fl-c9"/>
      </object_component>
      <object_component id="oc-e5">
         <name>.text:abort:abort</name>
         <load_address>0x606</load_address>
         <run_address>0x606</run_address>
         <size>0x4</size>
         <input_file_ref idref="fl-cb"/>
      </object_component>
      <object_component id="oc-13d">
         <name>.const</name>
         <load_address>0x60c</load_address>
         <run_address>0x60c</run_address>
         <size>0x70</size>
         <input_file_ref idref="fl-c1"/>
      </object_component>
      <object_component id="oc-21">
         <name>.stack</name>
         <uninitialized>true</uninitialized>
         <run_address>0x20000000</run_address>
         <size>0x4</size>
         <input_file_ref idref="fl-bf"/>
      </object_component>
      <object_component id="oc-1c8">
         <name>.stack</name>
         <uninitialized>true</uninitialized>
         <run_address>0x20000000</run_address>
         <size>0x0</size>
      </object_component>
      <object_component id="oc-af">
         <name>.debug_info</name>
         <load_address>0x0</load_address>
         <run_address>0x0</run_address>
         <size>0x3b1</size>
         <input_file_ref idref="fl-2"/>
      </object_component>
      <object_component id="oc-99">
         <name>.debug_info</name>
         <load_address>0x3b1</load_address>
         <run_address>0x3b1</run_address>
         <size>0x189</size>
         <input_file_ref idref="fl-2"/>
      </object_component>
      <object_component id="oc-6d">
         <name>.debug_info</name>
         <load_address>0x53a</load_address>
         <run_address>0x53a</run_address>
         <size>0x26b</size>
         <input_file_ref idref="fl-2"/>
      </object_component>
      <object_component id="oc-33">
         <name>.debug_info</name>
         <load_address>0x7a5</load_address>
         <run_address>0x7a5</run_address>
         <size>0x84</size>
         <input_file_ref idref="fl-2"/>
      </object_component>
      <object_component id="oc-aa">
         <name>.debug_info</name>
         <load_address>0x829</load_address>
         <run_address>0x829</run_address>
         <size>0x297</size>
         <input_file_ref idref="fl-2"/>
      </object_component>
      <object_component id="oc-72">
         <name>.debug_info</name>
         <load_address>0xac0</load_address>
         <run_address>0xac0</run_address>
         <size>0xbb</size>
         <input_file_ref idref="fl-2"/>
      </object_component>
      <object_component id="oc-2c">
         <name>.debug_info</name>
         <load_address>0xb7b</load_address>
         <run_address>0xb7b</run_address>
         <size>0x2b0</size>
         <input_file_ref idref="fl-3"/>
      </object_component>
      <object_component id="oc-10">
         <name>.debug_info</name>
         <load_address>0xe2b</load_address>
         <run_address>0xe2b</run_address>
         <size>0xef</size>
         <input_file_ref idref="fl-3"/>
      </object_component>
      <object_component id="oc-25">
         <name>.debug_info</name>
         <load_address>0xf1a</load_address>
         <run_address>0xf1a</run_address>
         <size>0x26b</size>
         <input_file_ref idref="fl-3"/>
      </object_component>
      <object_component id="oc-22">
         <name>.debug_info</name>
         <load_address>0x1185</load_address>
         <run_address>0x1185</run_address>
         <size>0x100</size>
         <input_file_ref idref="fl-bf"/>
      </object_component>
      <object_component id="oc-52">
         <name>.debug_info</name>
         <load_address>0x1285</load_address>
         <run_address>0x1285</run_address>
         <size>0x19d</size>
         <input_file_ref idref="fl-bf"/>
      </object_component>
      <object_component id="oc-136">
         <name>.debug_info</name>
         <load_address>0x1422</load_address>
         <run_address>0x1422</run_address>
         <size>0x240</size>
         <input_file_ref idref="fl-c0"/>
      </object_component>
      <object_component id="oc-12f">
         <name>.debug_info</name>
         <load_address>0x1662</load_address>
         <run_address>0x1662</run_address>
         <size>0x2b3</size>
         <input_file_ref idref="fl-c0"/>
      </object_component>
      <object_component id="oc-d9">
         <name>.debug_info</name>
         <load_address>0x1915</load_address>
         <run_address>0x1915</run_address>
         <size>0x316</size>
         <input_file_ref idref="fl-c0"/>
      </object_component>
      <object_component id="oc-d3">
         <name>.debug_info</name>
         <load_address>0x1c2b</load_address>
         <run_address>0x1c2b</run_address>
         <size>0x2b7</size>
         <input_file_ref idref="fl-c0"/>
      </object_component>
      <object_component id="oc-cd">
         <name>.debug_info</name>
         <load_address>0x1ee2</load_address>
         <run_address>0x1ee2</run_address>
         <size>0x285</size>
         <input_file_ref idref="fl-c0"/>
      </object_component>
      <object_component id="oc-138">
         <name>.debug_info</name>
         <load_address>0x2167</load_address>
         <run_address>0x2167</run_address>
         <size>0x8b</size>
         <input_file_ref idref="fl-c0"/>
      </object_component>
      <object_component id="oc-127">
         <name>.debug_info</name>
         <load_address>0x21f2</load_address>
         <run_address>0x21f2</run_address>
         <size>0x18b</size>
         <input_file_ref idref="fl-c0"/>
      </object_component>
      <object_component id="oc-141">
         <name>.debug_info</name>
         <load_address>0x237d</load_address>
         <run_address>0x237d</run_address>
         <size>0x20e</size>
         <input_file_ref idref="fl-c1"/>
      </object_component>
      <object_component id="oc-13e">
         <name>.debug_info</name>
         <load_address>0x258b</load_address>
         <run_address>0x258b</run_address>
         <size>0x210</size>
         <input_file_ref idref="fl-c1"/>
      </object_component>
      <object_component id="oc-df">
         <name>.debug_info</name>
         <load_address>0x279b</load_address>
         <run_address>0x279b</run_address>
         <size>0x268</size>
         <input_file_ref idref="fl-c1"/>
      </object_component>
      <object_component id="oc-12c">
         <name>.debug_info</name>
         <load_address>0x2a03</load_address>
         <run_address>0x2a03</run_address>
         <size>0x298</size>
         <input_file_ref idref="fl-c3"/>
      </object_component>
      <object_component id="oc-c7">
         <name>.debug_info</name>
         <load_address>0x2c9b</load_address>
         <run_address>0x2c9b</run_address>
         <size>0x27d</size>
         <input_file_ref idref="fl-c3"/>
      </object_component>
      <object_component id="oc-c1">
         <name>.debug_info</name>
         <load_address>0x2f18</load_address>
         <run_address>0x2f18</run_address>
         <size>0x2db</size>
         <input_file_ref idref="fl-c3"/>
      </object_component>
      <object_component id="oc-164">
         <name>.debug_info</name>
         <load_address>0x31f3</load_address>
         <run_address>0x31f3</run_address>
         <size>0x5f</size>
         <input_file_ref idref="fl-c3"/>
      </object_component>
      <object_component id="oc-93">
         <name>.debug_info</name>
         <load_address>0x3252</load_address>
         <run_address>0x3252</run_address>
         <size>0x148</size>
         <input_file_ref idref="fl-c9"/>
      </object_component>
      <object_component id="oc-e6">
         <name>.debug_info</name>
         <load_address>0x339a</load_address>
         <run_address>0x339a</run_address>
         <size>0x117</size>
         <input_file_ref idref="fl-cb"/>
      </object_component>
      <object_component id="oc-1c9">
         <name>.debug_info</name>
         <load_address>0x34b1</load_address>
         <run_address>0x34b1</run_address>
         <size>0xa5</size>
      </object_component>
      <object_component id="oc-124">
         <name>.debug_line</name>
         <load_address>0x0</load_address>
         <run_address>0x0</run_address>
         <size>0xc9</size>
         <input_file_ref idref="fl-2"/>
      </object_component>
      <object_component id="oc-9c">
         <name>.debug_line</name>
         <load_address>0xc9</load_address>
         <run_address>0xc9</run_address>
         <size>0x47</size>
         <input_file_ref idref="fl-2"/>
      </object_component>
      <object_component id="oc-70">
         <name>.debug_line</name>
         <load_address>0x110</load_address>
         <run_address>0x110</run_address>
         <size>0x69</size>
         <input_file_ref idref="fl-2"/>
      </object_component>
      <object_component id="oc-36">
         <name>.debug_line</name>
         <load_address>0x179</load_address>
         <run_address>0x179</run_address>
         <size>0x20</size>
         <input_file_ref idref="fl-2"/>
      </object_component>
      <object_component id="oc-ad">
         <name>.debug_line</name>
         <load_address>0x199</load_address>
         <run_address>0x199</run_address>
         <size>0x6d</size>
         <input_file_ref idref="fl-2"/>
      </object_component>
      <object_component id="oc-75">
         <name>.debug_line</name>
         <load_address>0x206</load_address>
         <run_address>0x206</run_address>
         <size>0x6a</size>
         <input_file_ref idref="fl-2"/>
      </object_component>
      <object_component id="oc-6c">
         <name>.debug_line</name>
         <load_address>0x270</load_address>
         <run_address>0x270</run_address>
         <size>0x41</size>
         <input_file_ref idref="fl-3"/>
      </object_component>
      <object_component id="oc-2b">
         <name>.debug_line</name>
         <load_address>0x2b1</load_address>
         <run_address>0x2b1</run_address>
         <size>0x41</size>
         <input_file_ref idref="fl-3"/>
      </object_component>
      <object_component id="oc-29">
         <name>.debug_line</name>
         <load_address>0x2f2</load_address>
         <run_address>0x2f2</run_address>
         <size>0xa1</size>
         <input_file_ref idref="fl-3"/>
      </object_component>
      <object_component id="oc-69">
         <name>.debug_line</name>
         <load_address>0x393</load_address>
         <run_address>0x393</run_address>
         <size>0x33</size>
         <input_file_ref idref="fl-bf"/>
      </object_component>
      <object_component id="oc-55">
         <name>.debug_line</name>
         <load_address>0x3c6</load_address>
         <run_address>0x3c6</run_address>
         <size>0x55</size>
         <input_file_ref idref="fl-bf"/>
      </object_component>
      <object_component id="oc-16b">
         <name>.debug_line</name>
         <load_address>0x41b</load_address>
         <run_address>0x41b</run_address>
         <size>0x82</size>
         <input_file_ref idref="fl-c0"/>
      </object_component>
      <object_component id="oc-132">
         <name>.debug_line</name>
         <load_address>0x49d</load_address>
         <run_address>0x49d</run_address>
         <size>0x95</size>
         <input_file_ref idref="fl-c0"/>
      </object_component>
      <object_component id="oc-dc">
         <name>.debug_line</name>
         <load_address>0x532</load_address>
         <run_address>0x532</run_address>
         <size>0xd1</size>
         <input_file_ref idref="fl-c0"/>
      </object_component>
      <object_component id="oc-d6">
         <name>.debug_line</name>
         <load_address>0x603</load_address>
         <run_address>0x603</run_address>
         <size>0x99</size>
         <input_file_ref idref="fl-c0"/>
      </object_component>
      <object_component id="oc-d0">
         <name>.debug_line</name>
         <load_address>0x69c</load_address>
         <run_address>0x69c</run_address>
         <size>0x93</size>
         <input_file_ref idref="fl-c0"/>
      </object_component>
      <object_component id="oc-13b">
         <name>.debug_line</name>
         <load_address>0x72f</load_address>
         <run_address>0x72f</run_address>
         <size>0x20</size>
         <input_file_ref idref="fl-c0"/>
      </object_component>
      <object_component id="oc-12a">
         <name>.debug_line</name>
         <load_address>0x74f</load_address>
         <run_address>0x74f</run_address>
         <size>0x69</size>
         <input_file_ref idref="fl-c0"/>
      </object_component>
      <object_component id="oc-16f">
         <name>.debug_line</name>
         <load_address>0x7b8</load_address>
         <run_address>0x7b8</run_address>
         <size>0x7c</size>
         <input_file_ref idref="fl-c1"/>
      </object_component>
      <object_component id="oc-16d">
         <name>.debug_line</name>
         <load_address>0x834</load_address>
         <run_address>0x834</run_address>
         <size>0x82</size>
         <input_file_ref idref="fl-c1"/>
      </object_component>
      <object_component id="oc-e2">
         <name>.debug_line</name>
         <load_address>0x8b6</load_address>
         <run_address>0x8b6</run_address>
         <size>0xc2</size>
         <input_file_ref idref="fl-c1"/>
      </object_component>
      <object_component id="oc-163">
         <name>.debug_line</name>
         <load_address>0x978</load_address>
         <run_address>0x978</run_address>
         <size>0x13d</size>
         <input_file_ref idref="fl-c3"/>
      </object_component>
      <object_component id="oc-ca">
         <name>.debug_line</name>
         <load_address>0xab5</load_address>
         <run_address>0xab5</run_address>
         <size>0x94</size>
         <input_file_ref idref="fl-c3"/>
      </object_component>
      <object_component id="oc-c4">
         <name>.debug_line</name>
         <load_address>0xb49</load_address>
         <run_address>0xb49</run_address>
         <size>0xee</size>
         <input_file_ref idref="fl-c3"/>
      </object_component>
      <object_component id="oc-167">
         <name>.debug_line</name>
         <load_address>0xc37</load_address>
         <run_address>0xc37</run_address>
         <size>0x7f</size>
         <input_file_ref idref="fl-c3"/>
      </object_component>
      <object_component id="oc-97">
         <name>.debug_line</name>
         <load_address>0xcb6</load_address>
         <run_address>0xcb6</run_address>
         <size>0x40</size>
         <input_file_ref idref="fl-c9"/>
      </object_component>
      <object_component id="oc-ea">
         <name>.debug_line</name>
         <load_address>0xcf6</load_address>
         <run_address>0xcf6</run_address>
         <size>0x3c</size>
         <input_file_ref idref="fl-cb"/>
      </object_component>
      <object_component id="oc-9d">
         <name>.debug_frame</name>
         <load_address>0x0</load_address>
         <run_address>0x0</run_address>
         <size>0x58</size>
         <input_file_ref idref="fl-2"/>
      </object_component>
      <object_component id="oc-28">
         <name>.debug_frame</name>
         <load_address>0x58</load_address>
         <run_address>0x58</run_address>
         <size>0x90</size>
         <input_file_ref idref="fl-3"/>
      </object_component>
      <object_component id="oc-51">
         <name>.debug_frame</name>
         <load_address>0xe8</load_address>
         <run_address>0xe8</run_address>
         <size>0x58</size>
         <input_file_ref idref="fl-bf"/>
      </object_component>
      <object_component id="oc-133">
         <name>.debug_frame</name>
         <load_address>0x1e8</load_address>
         <run_address>0x1e8</run_address>
         <size>0x7f</size>
         <input_file_ref idref="fl-c0"/>
      </object_component>
      <object_component id="oc-dd">
         <name>.debug_frame</name>
         <load_address>0x267</load_address>
         <run_address>0x267</run_address>
         <size>0x8f</size>
         <input_file_ref idref="fl-c0"/>
      </object_component>
      <object_component id="oc-d7">
         <name>.debug_frame</name>
         <load_address>0x2f6</load_address>
         <run_address>0x2f6</run_address>
         <size>0x8a</size>
         <input_file_ref idref="fl-c0"/>
      </object_component>
      <object_component id="oc-d1">
         <name>.debug_frame</name>
         <load_address>0x380</load_address>
         <run_address>0x380</run_address>
         <size>0x86</size>
         <input_file_ref idref="fl-c0"/>
      </object_component>
      <object_component id="oc-e3">
         <name>.debug_frame</name>
         <load_address>0x406</load_address>
         <run_address>0x406</run_address>
         <size>0x7f</size>
         <input_file_ref idref="fl-c1"/>
      </object_component>
      <object_component id="oc-cb">
         <name>.debug_frame</name>
         <load_address>0x485</load_address>
         <run_address>0x485</run_address>
         <size>0x7f</size>
         <input_file_ref idref="fl-c3"/>
      </object_component>
      <object_component id="oc-c5">
         <name>.debug_frame</name>
         <load_address>0x504</load_address>
         <run_address>0x504</run_address>
         <size>0x93</size>
         <input_file_ref idref="fl-c3"/>
      </object_component>
      <object_component id="oc-96">
         <name>.debug_frame</name>
         <load_address>0x140</load_address>
         <run_address>0x140</run_address>
         <size>0x54</size>
         <input_file_ref idref="fl-c9"/>
      </object_component>
      <object_component id="oc-e9">
         <name>.debug_frame</name>
         <load_address>0x194</load_address>
         <run_address>0x194</run_address>
         <size>0x54</size>
         <input_file_ref idref="fl-cb"/>
      </object_component>
      <object_component id="oc-123">
         <name>.debug_abbrev</name>
         <load_address>0x0</load_address>
         <run_address>0x0</run_address>
         <size>0x5a</size>
         <input_file_ref idref="fl-2"/>
      </object_component>
      <object_component id="oc-e4">
         <name>.debug_abbrev</name>
         <load_address>0x5a</load_address>
         <run_address>0x5a</run_address>
         <size>0x60</size>
         <input_file_ref idref="fl-2"/>
      </object_component>
      <object_component id="oc-6f">
         <name>.debug_abbrev</name>
         <load_address>0xba</load_address>
         <run_address>0xba</run_address>
         <size>0x69</size>
         <input_file_ref idref="fl-2"/>
      </object_component>
      <object_component id="oc-35">
         <name>.debug_abbrev</name>
         <load_address>0x123</load_address>
         <run_address>0x123</run_address>
         <size>0x1f</size>
         <input_file_ref idref="fl-2"/>
      </object_component>
      <object_component id="oc-ac">
         <name>.debug_abbrev</name>
         <load_address>0x142</load_address>
         <run_address>0x142</run_address>
         <size>0x5c</size>
         <input_file_ref idref="fl-2"/>
      </object_component>
      <object_component id="oc-74">
         <name>.debug_abbrev</name>
         <load_address>0x19e</load_address>
         <run_address>0x19e</run_address>
         <size>0x24</size>
         <input_file_ref idref="fl-2"/>
      </object_component>
      <object_component id="oc-6b">
         <name>.debug_abbrev</name>
         <load_address>0x1c2</load_address>
         <run_address>0x1c2</run_address>
         <size>0x68</size>
         <input_file_ref idref="fl-3"/>
      </object_component>
      <object_component id="oc-2a">
         <name>.debug_abbrev</name>
         <load_address>0x22a</load_address>
         <run_address>0x22a</run_address>
         <size>0x29</size>
         <input_file_ref idref="fl-3"/>
      </object_component>
      <object_component id="oc-6a">
         <name>.debug_abbrev</name>
         <load_address>0x253</load_address>
         <run_address>0x253</run_address>
         <size>0x79</size>
         <input_file_ref idref="fl-3"/>
      </object_component>
      <object_component id="oc-68">
         <name>.debug_abbrev</name>
         <load_address>0x2cc</load_address>
         <run_address>0x2cc</run_address>
         <size>0x29</size>
         <input_file_ref idref="fl-bf"/>
      </object_component>
      <object_component id="oc-9f">
         <name>.debug_abbrev</name>
         <load_address>0x2f5</load_address>
         <run_address>0x2f5</run_address>
         <size>0x61</size>
         <input_file_ref idref="fl-bf"/>
      </object_component>
      <object_component id="oc-16a">
         <name>.debug_abbrev</name>
         <load_address>0x356</load_address>
         <run_address>0x356</run_address>
         <size>0x72</size>
         <input_file_ref idref="fl-c0"/>
      </object_component>
      <object_component id="oc-169">
         <name>.debug_abbrev</name>
         <load_address>0x3c8</load_address>
         <run_address>0x3c8</run_address>
         <size>0x6c</size>
         <input_file_ref idref="fl-c0"/>
      </object_component>
      <object_component id="oc-137">
         <name>.debug_abbrev</name>
         <load_address>0x434</load_address>
         <run_address>0x434</run_address>
         <size>0x6c</size>
         <input_file_ref idref="fl-c0"/>
      </object_component>
      <object_component id="oc-135">
         <name>.debug_abbrev</name>
         <load_address>0x4a0</load_address>
         <run_address>0x4a0</run_address>
         <size>0x7a</size>
         <input_file_ref idref="fl-c0"/>
      </object_component>
      <object_component id="oc-134">
         <name>.debug_abbrev</name>
         <load_address>0x51a</load_address>
         <run_address>0x51a</run_address>
         <size>0x6c</size>
         <input_file_ref idref="fl-c0"/>
      </object_component>
      <object_component id="oc-13a">
         <name>.debug_abbrev</name>
         <load_address>0x586</load_address>
         <run_address>0x586</run_address>
         <size>0x1f</size>
         <input_file_ref idref="fl-c0"/>
      </object_component>
      <object_component id="oc-129">
         <name>.debug_abbrev</name>
         <load_address>0x5a5</load_address>
         <run_address>0x5a5</run_address>
         <size>0x35</size>
         <input_file_ref idref="fl-c0"/>
      </object_component>
      <object_component id="oc-16e">
         <name>.debug_abbrev</name>
         <load_address>0x5da</load_address>
         <run_address>0x5da</run_address>
         <size>0x8e</size>
         <input_file_ref idref="fl-c1"/>
      </object_component>
      <object_component id="oc-16c">
         <name>.debug_abbrev</name>
         <load_address>0x668</load_address>
         <run_address>0x668</run_address>
         <size>0x27</size>
         <input_file_ref idref="fl-c1"/>
      </object_component>
      <object_component id="oc-140">
         <name>.debug_abbrev</name>
         <load_address>0x68f</load_address>
         <run_address>0x68f</run_address>
         <size>0x6c</size>
         <input_file_ref idref="fl-c1"/>
      </object_component>
      <object_component id="oc-162">
         <name>.debug_abbrev</name>
         <load_address>0x6fb</load_address>
         <run_address>0x6fb</run_address>
         <size>0xb0</size>
         <input_file_ref idref="fl-c3"/>
      </object_component>
      <object_component id="oc-12d">
         <name>.debug_abbrev</name>
         <load_address>0x7ab</load_address>
         <run_address>0x7ab</run_address>
         <size>0x6c</size>
         <input_file_ref idref="fl-c3"/>
      </object_component>
      <object_component id="oc-126">
         <name>.debug_abbrev</name>
         <load_address>0x817</load_address>
         <run_address>0x817</run_address>
         <size>0x7a</size>
         <input_file_ref idref="fl-c3"/>
      </object_component>
      <object_component id="oc-166">
         <name>.debug_abbrev</name>
         <load_address>0x891</load_address>
         <run_address>0x891</run_address>
         <size>0x49</size>
         <input_file_ref idref="fl-c3"/>
      </object_component>
      <object_component id="oc-bf">
         <name>.debug_abbrev</name>
         <load_address>0x8da</load_address>
         <run_address>0x8da</run_address>
         <size>0x55</size>
         <input_file_ref idref="fl-c9"/>
      </object_component>
      <object_component id="oc-142">
         <name>.debug_abbrev</name>
         <load_address>0x92f</load_address>
         <run_address>0x92f</run_address>
         <size>0x45</size>
         <input_file_ref idref="fl-cb"/>
      </object_component>
      <object_component id="oc-1ca">
         <name>.debug_abbrev</name>
         <load_address>0x974</load_address>
         <run_address>0x974</run_address>
         <size>0xf</size>
      </object_component>
      <object_component id="oc-71">
         <name>.debug_str</name>
         <load_address>0x0</load_address>
         <run_address>0x0</run_address>
         <size>0x2ad</size>
         <input_file_ref idref="fl-2"/>
      </object_component>
      <object_component id="oc-37">
         <name>.debug_str</name>
         <load_address>0x2ad</load_address>
         <run_address>0x2ad</run_address>
         <size>0xfa</size>
         <input_file_ref idref="fl-2"/>
      </object_component>
      <object_component id="oc-ae">
         <name>.debug_str</name>
         <load_address>0x3a7</load_address>
         <run_address>0x3a7</run_address>
         <size>0x33c</size>
         <input_file_ref idref="fl-2"/>
      </object_component>
      <object_component id="oc-76">
         <name>.debug_str</name>
         <load_address>0x6e3</load_address>
         <run_address>0x6e3</run_address>
         <size>0x145</size>
         <input_file_ref idref="fl-2"/>
      </object_component>
      <object_component id="oc-13c">
         <name>.debug_str</name>
         <load_address>0x828</load_address>
         <run_address>0x828</run_address>
         <size>0xf5</size>
         <input_file_ref idref="fl-c0"/>
      </object_component>
      <object_component id="oc-12b">
         <name>.debug_str</name>
         <load_address>0x91d</load_address>
         <run_address>0x91d</run_address>
         <size>0x241</size>
         <input_file_ref idref="fl-c0"/>
      </object_component>
      <object_component id="oc-168">
         <name>.debug_str</name>
         <load_address>0xb5e</load_address>
         <run_address>0xb5e</run_address>
         <size>0x141</size>
         <input_file_ref idref="fl-c3"/>
      </object_component>
      <object_component id="oc-9a">
         <name>.debug_aranges</name>
         <load_address>0x0</load_address>
         <run_address>0x0</run_address>
         <size>0x20</size>
         <input_file_ref idref="fl-2"/>
      </object_component>
      <object_component id="oc-27">
         <name>.debug_aranges</name>
         <load_address>0x20</load_address>
         <run_address>0x20</run_address>
         <size>0x38</size>
         <input_file_ref idref="fl-3"/>
      </object_component>
      <object_component id="oc-54">
         <name>.debug_aranges</name>
         <load_address>0x58</load_address>
         <run_address>0x58</run_address>
         <size>0x20</size>
         <input_file_ref idref="fl-bf"/>
      </object_component>
      <object_component id="oc-130">
         <name>.debug_aranges</name>
         <load_address>0x78</load_address>
         <run_address>0x78</run_address>
         <size>0x20</size>
         <input_file_ref idref="fl-c0"/>
      </object_component>
      <object_component id="oc-da">
         <name>.debug_aranges</name>
         <load_address>0x98</load_address>
         <run_address>0x98</run_address>
         <size>0x20</size>
         <input_file_ref idref="fl-c0"/>
      </object_component>
      <object_component id="oc-d4">
         <name>.debug_aranges</name>
         <load_address>0xb8</load_address>
         <run_address>0xb8</run_address>
         <size>0x20</size>
         <input_file_ref idref="fl-c0"/>
      </object_component>
      <object_component id="oc-ce">
         <name>.debug_aranges</name>
         <load_address>0xd8</load_address>
         <run_address>0xd8</run_address>
         <size>0x20</size>
         <input_file_ref idref="fl-c0"/>
      </object_component>
      <object_component id="oc-e0">
         <name>.debug_aranges</name>
         <load_address>0xf8</load_address>
         <run_address>0xf8</run_address>
         <size>0x20</size>
         <input_file_ref idref="fl-c1"/>
      </object_component>
      <object_component id="oc-c8">
         <name>.debug_aranges</name>
         <load_address>0x118</load_address>
         <run_address>0x118</run_address>
         <size>0x20</size>
         <input_file_ref idref="fl-c3"/>
      </object_component>
      <object_component id="oc-c3">
         <name>.debug_aranges</name>
         <load_address>0x138</load_address>
         <run_address>0x138</run_address>
         <size>0x20</size>
         <input_file_ref idref="fl-c3"/>
      </object_component>
      <object_component id="oc-94">
         <name>.debug_aranges</name>
         <load_address>0x158</load_address>
         <run_address>0x158</run_address>
         <size>0x20</size>
         <input_file_ref idref="fl-c9"/>
      </object_component>
      <object_component id="oc-e8">
         <name>.debug_aranges</name>
         <load_address>0x178</load_address>
         <run_address>0x178</run_address>
         <size>0x20</size>
         <input_file_ref idref="fl-cb"/>
      </object_component>
      <object_component id="oc-9b">
         <name>.debug_pubnames</name>
         <load_address>0x0</load_address>
         <run_address>0x0</run_address>
         <size>0x1b</size>
         <input_file_ref idref="fl-2"/>
      </object_component>
      <object_component id="oc-11">
         <name>.debug_pubnames</name>
         <load_address>0x1b</load_address>
         <run_address>0x1b</run_address>
         <size>0x23</size>
         <input_file_ref idref="fl-3"/>
      </object_component>
      <object_component id="oc-26">
         <name>.debug_pubnames</name>
         <load_address>0x3e</load_address>
         <run_address>0x3e</run_address>
         <size>0x4c</size>
         <input_file_ref idref="fl-3"/>
      </object_component>
      <object_component id="oc-23">
         <name>.debug_pubnames</name>
         <load_address>0x8a</load_address>
         <run_address>0x8a</run_address>
         <size>0x1e</size>
         <input_file_ref idref="fl-bf"/>
      </object_component>
      <object_component id="oc-53">
         <name>.debug_pubnames</name>
         <load_address>0xa8</load_address>
         <run_address>0xa8</run_address>
         <size>0x2d</size>
         <input_file_ref idref="fl-bf"/>
      </object_component>
      <object_component id="oc-131">
         <name>.debug_pubnames</name>
         <load_address>0xd5</load_address>
         <run_address>0xd5</run_address>
         <size>0x25</size>
         <input_file_ref idref="fl-c0"/>
      </object_component>
      <object_component id="oc-db">
         <name>.debug_pubnames</name>
         <load_address>0xfa</load_address>
         <run_address>0xfa</run_address>
         <size>0x27</size>
         <input_file_ref idref="fl-c0"/>
      </object_component>
      <object_component id="oc-d5">
         <name>.debug_pubnames</name>
         <load_address>0x121</load_address>
         <run_address>0x121</run_address>
         <size>0x2c</size>
         <input_file_ref idref="fl-c0"/>
      </object_component>
      <object_component id="oc-cf">
         <name>.debug_pubnames</name>
         <load_address>0x14d</load_address>
         <run_address>0x14d</run_address>
         <size>0x2b</size>
         <input_file_ref idref="fl-c0"/>
      </object_component>
      <object_component id="oc-13f">
         <name>.debug_pubnames</name>
         <load_address>0x178</load_address>
         <run_address>0x178</run_address>
         <size>0x77</size>
         <input_file_ref idref="fl-c1"/>
      </object_component>
      <object_component id="oc-e1">
         <name>.debug_pubnames</name>
         <load_address>0x1ef</load_address>
         <run_address>0x1ef</run_address>
         <size>0x20</size>
         <input_file_ref idref="fl-c1"/>
      </object_component>
      <object_component id="oc-c9">
         <name>.debug_pubnames</name>
         <load_address>0x20f</load_address>
         <run_address>0x20f</run_address>
         <size>0x2d</size>
         <input_file_ref idref="fl-c3"/>
      </object_component>
      <object_component id="oc-c2">
         <name>.debug_pubnames</name>
         <load_address>0x23c</load_address>
         <run_address>0x23c</run_address>
         <size>0x25</size>
         <input_file_ref idref="fl-c3"/>
      </object_component>
      <object_component id="oc-95">
         <name>.debug_pubnames</name>
         <load_address>0x261</load_address>
         <run_address>0x261</run_address>
         <size>0x27</size>
         <input_file_ref idref="fl-c9"/>
      </object_component>
      <object_component id="oc-e7">
         <name>.debug_pubnames</name>
         <load_address>0x288</load_address>
         <run_address>0x288</run_address>
         <size>0x1c</size>
         <input_file_ref idref="fl-cb"/>
      </object_component>
      <object_component id="oc-6e">
         <name>.debug_pubtypes</name>
         <load_address>0x0</load_address>
         <run_address>0x0</run_address>
         <size>0x25c</size>
         <input_file_ref idref="fl-2"/>
      </object_component>
      <object_component id="oc-34">
         <name>.debug_pubtypes</name>
         <load_address>0x25c</load_address>
         <run_address>0x25c</run_address>
         <size>0xed</size>
         <input_file_ref idref="fl-2"/>
      </object_component>
      <object_component id="oc-ab">
         <name>.debug_pubtypes</name>
         <load_address>0x349</load_address>
         <run_address>0x349</run_address>
         <size>0x325</size>
         <input_file_ref idref="fl-2"/>
      </object_component>
      <object_component id="oc-73">
         <name>.debug_pubtypes</name>
         <load_address>0x66e</load_address>
         <run_address>0x66e</run_address>
         <size>0xaa</size>
         <input_file_ref idref="fl-2"/>
      </object_component>
      <object_component id="oc-139">
         <name>.debug_pubtypes</name>
         <load_address>0x718</load_address>
         <run_address>0x718</run_address>
         <size>0xff</size>
         <input_file_ref idref="fl-c0"/>
      </object_component>
      <object_component id="oc-128">
         <name>.debug_pubtypes</name>
         <load_address>0x817</load_address>
         <run_address>0x817</run_address>
         <size>0x1c6</size>
         <input_file_ref idref="fl-c0"/>
      </object_component>
      <object_component id="oc-165">
         <name>.debug_pubtypes</name>
         <load_address>0x9dd</load_address>
         <run_address>0x9dd</run_address>
         <size>0x28</size>
         <input_file_ref idref="fl-c3"/>
      </object_component>
   </object_component_list>
   <logical_group_list>
      <logical_group id="lg-3" display="no" color="cyan">
         <name>.intvecs</name>
         <load_address>0x0</load_address>
         <run_address>0x0</run_address>
         <size>0x26c</size>
         <contents>
            <object_component_ref idref="oc-f"/>
         </contents>
      </logical_group>
      <logical_group id="lg-4" display="no" color="cyan">
         <name>.text</name>
         <load_address>0x26c</load_address>
         <run_address>0x26c</run_address>
         <size>0x39e</size>
         <contents>
            <object_component_ref idref="oc-d8"/>
            <object_component_ref idref="oc-c0"/>
            <object_component_ref idref="oc-de"/>
            <object_component_ref idref="oc-98"/>
            <object_component_ref idref="oc-c6"/>
            <object_component_ref idref="oc-50"/>
            <object_component_ref idref="oc-12e"/>
            <object_component_ref idref="oc-d2"/>
            <object_component_ref idref="oc-cc"/>
            <object_component_ref idref="oc-24"/>
            <object_component_ref idref="oc-125"/>
            <object_component_ref idref="oc-92"/>
            <object_component_ref idref="oc-e5"/>
         </contents>
      </logical_group>
      <logical_group id="lg-5" display="no" color="cyan">
         <name>.const</name>
         <load_address>0x60c</load_address>
         <run_address>0x60c</run_address>
         <size>0x70</size>
         <contents>
            <object_component_ref idref="oc-13d"/>
         </contents>
      </logical_group>
      <logical_group id="lg-6" display="no" color="cyan">
         <name>.cinit</name>
         <run_address>0x0</run_address>
         <size>0x0</size>
         <contents>
         </contents>
      </logical_group>
      <logical_group id="lg-7" display="no" color="cyan">
         <name>.pinit</name>
         <run_address>0x0</run_address>
         <size>0x0</size>
         <contents>
         </contents>
      </logical_group>
      <logical_group id="lg-8" display="no" color="cyan">
         <name>.init_array</name>
         <run_address>0x0</run_address>
         <size>0x0</size>
         <contents>
         </contents>
      </logical_group>
      <logical_group id="lg-9" display="no" color="cyan">
         <name>.vtable</name>
         <run_address>0x0</run_address>
         <size>0x0</size>
         <contents>
         </contents>
      </logical_group>
      <logical_group id="lg-a" display="no" color="cyan">
         <name>.data</name>
         <run_address>0x0</run_address>
         <size>0x0</size>
         <contents>
         </contents>
      </logical_group>
      <logical_group id="lg-b" display="no" color="cyan">
         <name>.bss</name>
         <run_address>0x0</run_address>
         <size>0x0</size>
         <contents>
         </contents>
      </logical_group>
      <logical_group id="lg-c" display="no" color="cyan">
         <name>.sysmem</name>
         <run_address>0x0</run_address>
         <size>0x0</size>
         <contents>
         </contents>
      </logical_group>
      <logical_group id="lg-d" display="no" color="cyan">
         <name>.stack</name>
         <run_address>0x20000000</run_address>
         <size>0x200</size>
         <contents>
            <object_component_ref idref="oc-21"/>
            <object_component_ref idref="oc-1c8"/>
         </contents>
      </logical_group>
      <logical_group id="lg-1a0" display="no" color="cyan">
         <name>.TI.noinit</name>
         <run_address>0x0</run_address>
         <size>0x0</size>
         <contents>
         </contents>
      </logical_group>
      <logical_group id="lg-1a1" display="no" color="cyan">
         <name>.TI.persistent</name>
         <run_address>0x0</run_address>
         <size>0x0</size>
         <contents>
         </contents>
      </logical_group>
      <logical_group id="lg-1af" display="never" color="cyan">
         <name>.debug_info</name>
         <load_address>0x0</load_address>
         <run_address>0x0</run_address>
         <size>0x3556</size>
         <contents>
            <object_component_ref idref="oc-af"/>
            <object_component_ref idref="oc-99"/>
            <object_component_ref idref="oc-6d"/>
            <object_component_ref idref="oc-33"/>
            <object_component_ref idref="oc-aa"/>
            <object_component_ref idref="oc-72"/>
            <object_component_ref idref="oc-2c"/>
            <object_component_ref idref="oc-10"/>
            <object_component_ref idref="oc-25"/>
            <object_component_ref idref="oc-22"/>
            <object_component_ref idref="oc-52"/>
            <object_component_ref idref="oc-136"/>
            <object_component_ref idref="oc-12f"/>
            <object_component_ref idref="oc-d9"/>
            <object_component_ref idref="oc-d3"/>
            <object_component_ref idref="oc-cd"/>
            <object_component_ref idref="oc-138"/>
            <object_component_ref idref="oc-127"/>
            <object_component_ref idref="oc-141"/>
            <object_component_ref idref="oc-13e"/>
            <object_component_ref idref="oc-df"/>
            <object_component_ref idref="oc-12c"/>
            <object_component_ref idref="oc-c7"/>
            <object_component_ref idref="oc-c1"/>
            <object_component_ref idref="oc-164"/>
            <object_component_ref idref="oc-93"/>
            <object_component_ref idref="oc-e6"/>
            <object_component_ref idref="oc-1c9"/>
         </contents>
      </logical_group>
      <logical_group id="lg-1b1" display="never" color="cyan">
         <name>.debug_line</name>
         <load_address>0x0</load_address>
         <run_address>0x0</run_address>
         <size>0xd32</size>
         <contents>
            <object_component_ref idref="oc-124"/>
            <object_component_ref idref="oc-9c"/>
            <object_component_ref idref="oc-70"/>
            <object_component_ref idref="oc-36"/>
            <object_component_ref idref="oc-ad"/>
            <object_component_ref idref="oc-75"/>
            <object_component_ref idref="oc-6c"/>
            <object_component_ref idref="oc-2b"/>
            <object_component_ref idref="oc-29"/>
            <object_component_ref idref="oc-69"/>
            <object_component_ref idref="oc-55"/>
            <object_component_ref idref="oc-16b"/>
            <object_component_ref idref="oc-132"/>
            <object_component_ref idref="oc-dc"/>
            <object_component_ref idref="oc-d6"/>
            <object_component_ref idref="oc-d0"/>
            <object_component_ref idref="oc-13b"/>
            <object_component_ref idref="oc-12a"/>
            <object_component_ref idref="oc-16f"/>
            <object_component_ref idref="oc-16d"/>
            <object_component_ref idref="oc-e2"/>
            <object_component_ref idref="oc-163"/>
            <object_component_ref idref="oc-ca"/>
            <object_component_ref idref="oc-c4"/>
            <object_component_ref idref="oc-167"/>
            <object_component_ref idref="oc-97"/>
            <object_component_ref idref="oc-ea"/>
         </contents>
      </logical_group>
      <logical_group id="lg-1b3" display="never" color="cyan">
         <name>.debug_frame</name>
         <load_address>0x0</load_address>
         <run_address>0x0</run_address>
         <size>0x597</size>
         <contents>
            <object_component_ref idref="oc-9d"/>
            <object_component_ref idref="oc-28"/>
            <object_component_ref idref="oc-51"/>
            <object_component_ref idref="oc-133"/>
            <object_component_ref idref="oc-dd"/>
            <object_component_ref idref="oc-d7"/>
            <object_component_ref idref="oc-d1"/>
            <object_component_ref idref="oc-e3"/>
            <object_component_ref idref="oc-cb"/>
            <object_component_ref idref="oc-c5"/>
            <object_component_ref idref="oc-96"/>
            <object_component_ref idref="oc-e9"/>
         </contents>
      </logical_group>
      <logical_group id="lg-1b5" display="never" color="cyan">
         <name>.debug_abbrev</name>
         <load_address>0x0</load_address>
         <run_address>0x0</run_address>
         <size>0x983</size>
         <contents>
            <object_component_ref idref="oc-123"/>
            <object_component_ref idref="oc-e4"/>
            <object_component_ref idref="oc-6f"/>
            <object_component_ref idref="oc-35"/>
            <object_component_ref idref="oc-ac"/>
            <object_component_ref idref="oc-74"/>
            <object_component_ref idref="oc-6b"/>
            <object_component_ref idref="oc-2a"/>
            <object_component_ref idref="oc-6a"/>
            <object_component_ref idref="oc-68"/>
            <object_component_ref idref="oc-9f"/>
            <object_component_ref idref="oc-16a"/>
            <object_component_ref idref="oc-169"/>
            <object_component_ref idref="oc-137"/>
            <object_component_ref idref="oc-135"/>
            <object_component_ref idref="oc-134"/>
            <object_component_ref idref="oc-13a"/>
            <object_component_ref idref="oc-129"/>
            <object_component_ref idref="oc-16e"/>
            <object_component_ref idref="oc-16c"/>
            <object_component_ref idref="oc-140"/>
            <object_component_ref idref="oc-162"/>
            <object_component_ref idref="oc-12d"/>
            <object_component_ref idref="oc-126"/>
            <object_component_ref idref="oc-166"/>
            <object_component_ref idref="oc-bf"/>
            <object_component_ref idref="oc-142"/>
            <object_component_ref idref="oc-1ca"/>
         </contents>
      </logical_group>
      <logical_group id="lg-1b7" display="never" color="cyan">
         <name>.debug_str</name>
         <load_address>0x0</load_address>
         <run_address>0x0</run_address>
         <size>0xc9f</size>
         <contents>
            <object_component_ref idref="oc-71"/>
            <object_component_ref idref="oc-37"/>
            <object_component_ref idref="oc-ae"/>
            <object_component_ref idref="oc-76"/>
            <object_component_ref idref="oc-13c"/>
            <object_component_ref idref="oc-12b"/>
            <object_component_ref idref="oc-168"/>
         </contents>
      </logical_group>
      <logical_group id="lg-1b9" display="never" color="cyan">
         <name>.debug_aranges</name>
         <load_address>0x0</load_address>
         <run_address>0x0</run_address>
         <size>0x198</size>
         <contents>
            <object_component_ref idref="oc-9a"/>
            <object_component_ref idref="oc-27"/>
            <object_component_ref idref="oc-54"/>
            <object_component_ref idref="oc-130"/>
            <object_component_ref idref="oc-da"/>
            <object_component_ref idref="oc-d4"/>
            <object_component_ref idref="oc-ce"/>
            <object_component_ref idref="oc-e0"/>
            <object_component_ref idref="oc-c8"/>
            <object_component_ref idref="oc-c3"/>
            <object_component_ref idref="oc-94"/>
            <object_component_ref idref="oc-e8"/>
         </contents>
      </logical_group>
      <logical_group id="lg-1bb" display="never" color="cyan">
         <name>.debug_pubnames</name>
         <load_address>0x0</load_address>
         <run_address>0x0</run_address>
         <size>0x2a4</size>
         <contents>
            <object_component_ref idref="oc-9b"/>
            <object_component_ref idref="oc-11"/>
            <object_component_ref idref="oc-26"/>
            <object_component_ref idref="oc-23"/>
            <object_component_ref idref="oc-53"/>
            <object_component_ref idref="oc-131"/>
            <object_component_ref idref="oc-db"/>
            <object_component_ref idref="oc-d5"/>
            <object_component_ref idref="oc-cf"/>
            <object_component_ref idref="oc-13f"/>
            <object_component_ref idref="oc-e1"/>
            <object_component_ref idref="oc-c9"/>
            <object_component_ref idref="oc-c2"/>
            <object_component_ref idref="oc-95"/>
            <object_component_ref idref="oc-e7"/>
         </contents>
      </logical_group>
      <logical_group id="lg-1bd" display="never" color="cyan">
         <name>.debug_pubtypes</name>
         <load_address>0x0</load_address>
         <run_address>0x0</run_address>
         <size>0xa05</size>
         <contents>
            <object_component_ref idref="oc-6e"/>
            <object_component_ref idref="oc-34"/>
            <object_component_ref idref="oc-ab"/>
            <object_component_ref idref="oc-73"/>
            <object_component_ref idref="oc-139"/>
            <object_component_ref idref="oc-128"/>
            <object_component_ref idref="oc-165"/>
         </contents>
      </logical_group>
      <load_segment id="lg-1cc" display="no" color="cyan">
         <name>SEGMENT_0</name>
         <load_address>0x0</load_address>
         <run_address>0x0</run_address>
         <size>0x67c</size>
         <flags>0x5</flags>
         <contents>
            <logical_group_ref idref="lg-3"/>
            <logical_group_ref idref="lg-4"/>
            <logical_group_ref idref="lg-5"/>
         </contents>
      </load_segment>
      <load_segment id="lg-1cd" display="no" color="cyan">
         <name>SEGMENT_1</name>
         <run_address>0x20000000</run_address>
         <size>0x200</size>
         <flags>0x6</flags>
         <contents>
            <logical_group_ref idref="lg-d"/>
         </contents>
      </load_segment>
   </logical_group_list>
   <placement_map>
      <memory_area display="yes" color="green">
         <name>FLASH</name>
         <page_id>0x0</page_id>
         <origin>0x0</origin>
         <length>0x40000</length>
         <used_space>0x67a</used_space>
         <unused_space>0x3f986</unused_space>
         <attributes>RX</attributes>
         <usage_details>
            <allocated_space>
               <start_address>0x0</start_address>
               <size>0x26c</size>
               <logical_group_ref idref="lg-3"/>
            </allocated_space>
            <allocated_space>
               <start_address>0x26c</start_address>
               <size>0x39e</size>
               <logical_group_ref idref="lg-4"/>
            </allocated_space>
            <available_space>
               <start_address>0x60a</start_address>
               <size>0x2</size>
            </available_space>
            <allocated_space>
               <start_address>0x60c</start_address>
               <size>0x70</size>
               <logical_group_ref idref="lg-5"/>
            </allocated_space>
            <available_space>
               <start_address>0x67c</start_address>
               <size>0x3f984</size>
            </available_space>
         </usage_details>
      </memory_area>
      <memory_area display="yes" color="green">
         <name>SRAM</name>
         <page_id>0x0</page_id>
         <origin>0x20000000</origin>
         <length>0x8000</length>
         <used_space>0x200</used_space>
         <unused_space>0x7e00</unused_space>
         <attributes>RWX</attributes>
         <usage_details>
            <allocated_space>
               <start_address>0x20000000</start_address>
               <size>0x200</size>
               <logical_group_ref idref="lg-d"/>
            </allocated_space>
            <available_space>
               <start_address>0x20000200</start_address>
               <size>0x7e00</size>
            </available_space>
         </usage_details>
      </memory_area>
   </placement_map>
   <symbol_table>
      <symbol id="sm-1">
         <name>__STACK_TOP</name>
         <value>0x20000200</value>
      </symbol>
      <symbol id="sm-2">
         <name>binit</name>
         <value>0xffffffff</value>
      </symbol>
      <symbol id="sm-3">
         <name>__binit__</name>
         <value>0xffffffff</value>
      </symbol>
      <symbol id="sm-4">
         <name>__STACK_SIZE</name>
         <value>0x200</value>
      </symbol>
      <symbol id="sm-5">
         <name>__STACK_END</name>
         <value>0x20000200</value>
      </symbol>
      <symbol id="sm-6">
         <name>__c_args__</name>
         <value>0xffffffff</value>
      </symbol>
      <symbol id="sm-7">
         <name>__TI_pprof_out_hndl</name>
         <value>0xffffffff</value>
      </symbol>
      <symbol id="sm-8">
         <name>__TI_prof_data_start</name>
         <value>0xffffffff</value>
      </symbol>
      <symbol id="sm-9">
         <name>__TI_prof_data_size</name>
         <value>0xffffffff</value>
      </symbol>
      <symbol id="sm-a">
         <name>__TI_static_base__</name>
         <value>0x0</value>
      </symbol>
      <symbol id="sm-43">
         <name>main</name>
         <value>0x4fd</value>
         <object_component_ref idref="oc-98"/>
      </symbol>
      <symbol id="sm-5f">
         <name>ResetISR</name>
         <value>0x5f1</value>
         <object_component_ref idref="oc-24"/>
      </symbol>
      <symbol id="sm-60">
         <name>g_pfnVectors</name>
         <value>0x0</value>
         <object_component_ref idref="oc-f"/>
      </symbol>
      <symbol id="sm-73">
         <name>_c_int00_noinit_noargs</name>
         <value>0x56d</value>
         <object_component_ref idref="oc-50"/>
      </symbol>
      <symbol id="sm-74">
         <name>__stack</name>
         <value>0x20000000</value>
         <object_component_ref idref="oc-21"/>
      </symbol>
      <symbol id="sm-a5">
         <name>GPIOPinTypeGPIOInput</name>
         <value>0x5df</value>
         <object_component_ref idref="oc-cc"/>
      </symbol>
      <symbol id="sm-a6">
         <name>GPIOPinTypeGPIOOutput</name>
         <value>0x5c7</value>
         <object_component_ref idref="oc-d2"/>
      </symbol>
      <symbol id="sm-a7">
         <name>GPIODirModeSet</name>
         <value>0x59d</value>
         <object_component_ref idref="oc-12e"/>
      </symbol>
      <symbol id="sm-a8">
         <name>GPIOPadConfigSet</name>
         <value>0x26d</value>
         <object_component_ref idref="oc-d8"/>
      </symbol>
      <symbol id="sm-cf">
         <name>IntEnable</name>
         <value>0x495</value>
         <object_component_ref idref="oc-de"/>
      </symbol>
      <symbol id="sm-fc">
         <name>SysCtlClockSet</name>
         <value>0x3a1</value>
         <object_component_ref idref="oc-c0"/>
      </symbol>
      <symbol id="sm-fd">
         <name>SysCtlDelay</name>
         <value>0x5fd</value>
         <object_component_ref idref="oc-125"/>
      </symbol>
      <symbol id="sm-fe">
         <name>SysCtlPeripheralEnable</name>
         <value>0x539</value>
         <object_component_ref idref="oc-c6"/>
      </symbol>
      <symbol id="sm-10d">
         <name>_system_pre_init</name>
         <value>0x603</value>
         <object_component_ref idref="oc-92"/>
      </symbol>
      <symbol id="sm-119">
         <name>C$$EXIT</name>
         <value>0x607</value>
         <object_component_ref idref="oc-e5"/>
      </symbol>
      <symbol id="sm-11a">
         <name>abort</name>
         <value>0x607</value>
         <object_component_ref idref="oc-e5"/>
      </symbol>
      <symbol id="sm-11e">
         <name>__mpu_init</name>
         <value>0x0</value>
      </symbol>
   </symbol_table>
   <title>Link successful</title>
</link_info>
