<?xml version="1.0" encoding="ISO-8859-1" ?>
<link_info>
   <banner>TI ARM Linker PC v18.1.2.LTS</banner>
   <copyright>Copyright (c) 1996-2017 Texas Instruments Incorporated</copyright>
   <link_time>0x5b45f421</link_time>
   <link_errors>0x0</link_errors>
   <output_file>PWM_Ctrl0.out</output_file>
   <entry_point>
      <name>_c_int00_noinit_noargs</name>
      <address>0x591</address>
   </entry_point>
   <input_file_list>
      <input_file id="fl-2">
         <path>.\</path>
         <kind>object</kind>
         <file>main.obj</file>
         <name>main.obj</name>
      </input_file>
      <input_file id="fl-3">
         <path>.\</path>
         <kind>object</kind>
         <file>tm4c123gh6pm_startup_ccs.obj</file>
         <name>tm4c123gh6pm_startup_ccs.obj</name>
      </input_file>
      <input_file id="fl-9">
         <kind>object</kind>
         <file>&lt;internal&gt;</file>
         <name>&lt;internal&gt;</name>
      </input_file>
      <input_file id="fl-bf">
         <path>D:\ti\ccsv8\tools\compiler\ti-cgt-arm_18.1.2.LTS\lib\</path>
         <kind>archive</kind>
         <file>rtsv7M4_T_le_v4SPD16_eabi.lib</file>
         <name>boot_cortex_m.c.obj</name>
      </input_file>
      <input_file id="fl-c0">
         <path>D:\ti\TivaWare_C_Series-2.1.4.178\driverlib\ccs\Debug\</path>
         <kind>archive</kind>
         <file>driverlib.lib</file>
         <name>gpio.obj</name>
      </input_file>
      <input_file id="fl-c1">
         <path>D:\ti\TivaWare_C_Series-2.1.4.178\driverlib\ccs\Debug\</path>
         <kind>archive</kind>
         <file>driverlib.lib</file>
         <name>interrupt.obj</name>
      </input_file>
      <input_file id="fl-c2">
         <path>D:\ti\TivaWare_C_Series-2.1.4.178\driverlib\ccs\Debug\</path>
         <kind>archive</kind>
         <file>driverlib.lib</file>
         <name>cpu.obj</name>
      </input_file>
      <input_file id="fl-c3">
         <path>D:\ti\TivaWare_C_Series-2.1.4.178\driverlib\ccs\Debug\</path>
         <kind>archive</kind>
         <file>driverlib.lib</file>
         <name>pwm.obj</name>
      </input_file>
      <input_file id="fl-c4">
         <path>D:\ti\TivaWare_C_Series-2.1.4.178\driverlib\ccs\Debug\</path>
         <kind>archive</kind>
         <file>driverlib.lib</file>
         <name>sysctl.obj</name>
      </input_file>
      <input_file id="fl-c5">
         <path>D:\ti\ccsv8\tools\compiler\ti-cgt-arm_18.1.2.LTS\lib\</path>
         <kind>archive</kind>
         <file>rtsv7M4_T_le_v4SPD16_eabi.lib</file>
         <name>autoinit.c.obj</name>
      </input_file>
      <input_file id="fl-c6">
         <path>D:\ti\ccsv8\tools\compiler\ti-cgt-arm_18.1.2.LTS\lib\</path>
         <kind>archive</kind>
         <file>rtsv7M4_T_le_v4SPD16_eabi.lib</file>
         <name>copy_decompress_lzss.c.obj</name>
      </input_file>
      <input_file id="fl-c7">
         <path>D:\ti\ccsv8\tools\compiler\ti-cgt-arm_18.1.2.LTS\lib\</path>
         <kind>archive</kind>
         <file>rtsv7M4_T_le_v4SPD16_eabi.lib</file>
         <name>copy_decompress_none.c.obj</name>
      </input_file>
      <input_file id="fl-c8">
         <path>D:\ti\ccsv8\tools\compiler\ti-cgt-arm_18.1.2.LTS\lib\</path>
         <kind>archive</kind>
         <file>rtsv7M4_T_le_v4SPD16_eabi.lib</file>
         <name>copy_zero_init.c.obj</name>
      </input_file>
      <input_file id="fl-c9">
         <path>D:\ti\ccsv8\tools\compiler\ti-cgt-arm_18.1.2.LTS\lib\</path>
         <kind>archive</kind>
         <file>rtsv7M4_T_le_v4SPD16_eabi.lib</file>
         <name>args_main.c.obj</name>
      </input_file>
      <input_file id="fl-ca">
         <path>D:\ti\ccsv8\tools\compiler\ti-cgt-arm_18.1.2.LTS\lib\</path>
         <kind>archive</kind>
         <file>rtsv7M4_T_le_v4SPD16_eabi.lib</file>
         <name>pre_init.c.obj</name>
      </input_file>
      <input_file id="fl-cb">
         <path>D:\ti\ccsv8\tools\compiler\ti-cgt-arm_18.1.2.LTS\lib\</path>
         <kind>archive</kind>
         <file>rtsv7M4_T_le_v4SPD16_eabi.lib</file>
         <name>cpy_tbl.c.obj</name>
      </input_file>
      <input_file id="fl-cc">
         <path>D:\ti\ccsv8\tools\compiler\ti-cgt-arm_18.1.2.LTS\lib\</path>
         <kind>archive</kind>
         <file>rtsv7M4_T_le_v4SPD16_eabi.lib</file>
         <name>exit.c.obj</name>
      </input_file>
      <input_file id="fl-cd">
         <path>D:\ti\ccsv8\tools\compiler\ti-cgt-arm_18.1.2.LTS\lib\</path>
         <kind>archive</kind>
         <file>rtsv7M4_T_le_v4SPD16_eabi.lib</file>
         <name>_lock.c.obj</name>
      </input_file>
      <input_file id="fl-ce">
         <path>D:\ti\ccsv8\tools\compiler\ti-cgt-arm_18.1.2.LTS\lib\</path>
         <kind>archive</kind>
         <file>rtsv7M4_T_le_v4SPD16_eabi.lib</file>
         <name>memcpy_t2.asm.obj</name>
      </input_file>
      <input_file id="fl-cf">
         <path>D:\ti\ccsv8\tools\compiler\ti-cgt-arm_18.1.2.LTS\lib\</path>
         <kind>archive</kind>
         <file>rtsv7M4_T_le_v4SPD16_eabi.lib</file>
         <name>memset_t2.asm.obj</name>
      </input_file>
   </input_file_list>
   <object_component_list>
      <object_component id="oc-f">
         <name>.intvecs</name>
         <load_address>0x0</load_address>
         <run_address>0x0</run_address>
         <size>0x26c</size>
         <input_file_ref idref="fl-3"/>
      </object_component>
      <object_component id="oc-157">
         <name>.text:GPIOPadConfigSet</name>
         <load_address>0x26c</load_address>
         <run_address>0x26c</run_address>
         <size>0x132</size>
         <input_file_ref idref="fl-c0"/>
      </object_component>
      <object_component id="oc-c5">
         <name>.text:SysCtlClockSet</name>
         <load_address>0x3a0</load_address>
         <run_address>0x3a0</run_address>
         <size>0xf4</size>
         <input_file_ref idref="fl-c4"/>
      </object_component>
      <object_component id="oc-98">
         <name>.text</name>
         <load_address>0x494</load_address>
         <run_address>0x494</run_address>
         <size>0x80</size>
         <input_file_ref idref="fl-2"/>
      </object_component>
      <object_component id="oc-d7">
         <name>.text:GPIOPinConfigure</name>
         <load_address>0x514</load_address>
         <run_address>0x514</run_address>
         <size>0x48</size>
         <input_file_ref idref="fl-c0"/>
      </object_component>
      <object_component id="oc-d1">
         <name>.text:SysCtlPeripheralEnable</name>
         <load_address>0x55c</load_address>
         <run_address>0x55c</run_address>
         <size>0x34</size>
         <input_file_ref idref="fl-c4"/>
      </object_component>
      <object_component id="oc-50">
         <name>.text:_c_int00_noinit_noargs:_c_int00_noinit_noargs</name>
         <load_address>0x590</load_address>
         <run_address>0x590</run_address>
         <size>0x30</size>
         <input_file_ref idref="fl-bf"/>
      </object_component>
      <object_component id="oc-151">
         <name>.text:GPIODirModeSet</name>
         <load_address>0x5c0</load_address>
         <run_address>0x5c0</run_address>
         <size>0x2a</size>
         <input_file_ref idref="fl-c0"/>
      </object_component>
      <object_component id="oc-e3">
         <name>.text:PWMGenConfigure</name>
         <load_address>0x5ea</load_address>
         <run_address>0x5ea</run_address>
         <size>0x22</size>
         <input_file_ref idref="fl-c3"/>
      </object_component>
      <object_component id="oc-ef">
         <name>.text:PWMPulseWidthSet</name>
         <load_address>0x60c</load_address>
         <run_address>0x60c</run_address>
         <size>0x1e</size>
         <input_file_ref idref="fl-c3"/>
      </object_component>
      <object_component id="oc-cb">
         <name>.text:SysCtlPWMClockSet</name>
         <load_address>0x62c</load_address>
         <run_address>0x62c</run_address>
         <size>0x14</size>
         <input_file_ref idref="fl-c4"/>
      </object_component>
      <object_component id="oc-dd">
         <name>.text:GPIOPinTypePWM</name>
         <load_address>0x640</load_address>
         <run_address>0x640</run_address>
         <size>0x12</size>
         <input_file_ref idref="fl-c0"/>
      </object_component>
      <object_component id="oc-f5">
         <name>.text:PWMOutputState</name>
         <load_address>0x652</load_address>
         <run_address>0x652</run_address>
         <size>0x12</size>
         <input_file_ref idref="fl-c3"/>
      </object_component>
      <object_component id="oc-e9">
         <name>.text:PWMGenPeriodSet</name>
         <load_address>0x664</load_address>
         <run_address>0x664</run_address>
         <size>0x10</size>
         <input_file_ref idref="fl-c3"/>
      </object_component>
      <object_component id="oc-fb">
         <name>.text:PWMGenEnable</name>
         <load_address>0x674</load_address>
         <run_address>0x674</run_address>
         <size>0xc</size>
         <input_file_ref idref="fl-c3"/>
      </object_component>
      <object_component id="oc-24">
         <name>.text</name>
         <load_address>0x680</load_address>
         <run_address>0x680</run_address>
         <size>0xc</size>
         <input_file_ref idref="fl-3"/>
      </object_component>
      <object_component id="oc-142">
         <name>.text:SysCtlDelay</name>
         <load_address>0x68c</load_address>
         <run_address>0x68c</run_address>
         <size>0x6</size>
         <input_file_ref idref="fl-c4"/>
      </object_component>
      <object_component id="oc-92">
         <name>.text:_system_pre_init</name>
         <load_address>0x692</load_address>
         <run_address>0x692</run_address>
         <size>0x4</size>
         <input_file_ref idref="fl-ca"/>
      </object_component>
      <object_component id="oc-102">
         <name>.text:abort:abort</name>
         <load_address>0x696</load_address>
         <run_address>0x696</run_address>
         <size>0x4</size>
         <input_file_ref idref="fl-cc"/>
      </object_component>
      <object_component id="oc-14c">
         <name>.const:g_pui32GPIOBaseAddrs</name>
         <load_address>0x69c</load_address>
         <run_address>0x69c</run_address>
         <size>0x90</size>
         <input_file_ref idref="fl-c0"/>
      </object_component>
      <object_component id="oc-21">
         <name>.stack</name>
         <uninitialized>true</uninitialized>
         <run_address>0x20000000</run_address>
         <size>0x4</size>
         <input_file_ref idref="fl-bf"/>
      </object_component>
      <object_component id="oc-1eb">
         <name>.stack</name>
         <uninitialized>true</uninitialized>
         <run_address>0x20000000</run_address>
         <size>0x0</size>
      </object_component>
      <object_component id="oc-b4">
         <name>.debug_info</name>
         <load_address>0x0</load_address>
         <run_address>0x0</run_address>
         <size>0x472</size>
         <input_file_ref idref="fl-2"/>
      </object_component>
      <object_component id="oc-99">
         <name>.debug_info</name>
         <load_address>0x472</load_address>
         <run_address>0x472</run_address>
         <size>0x1e3</size>
         <input_file_ref idref="fl-2"/>
      </object_component>
      <object_component id="oc-6d">
         <name>.debug_info</name>
         <load_address>0x655</load_address>
         <run_address>0x655</run_address>
         <size>0x26b</size>
         <input_file_ref idref="fl-2"/>
      </object_component>
      <object_component id="oc-af">
         <name>.debug_info</name>
         <load_address>0x8c0</load_address>
         <run_address>0x8c0</run_address>
         <size>0x8b</size>
         <input_file_ref idref="fl-2"/>
      </object_component>
      <object_component id="oc-aa">
         <name>.debug_info</name>
         <load_address>0x94b</load_address>
         <run_address>0x94b</run_address>
         <size>0x297</size>
         <input_file_ref idref="fl-2"/>
      </object_component>
      <object_component id="oc-72">
         <name>.debug_info</name>
         <load_address>0xbe2</load_address>
         <run_address>0xbe2</run_address>
         <size>0xbb</size>
         <input_file_ref idref="fl-2"/>
      </object_component>
      <object_component id="oc-2c">
         <name>.debug_info</name>
         <load_address>0xc9d</load_address>
         <run_address>0xc9d</run_address>
         <size>0x2a2</size>
         <input_file_ref idref="fl-3"/>
      </object_component>
      <object_component id="oc-10">
         <name>.debug_info</name>
         <load_address>0xf3f</load_address>
         <run_address>0xf3f</run_address>
         <size>0xe1</size>
         <input_file_ref idref="fl-3"/>
      </object_component>
      <object_component id="oc-26">
         <name>.debug_info</name>
         <load_address>0x1020</load_address>
         <run_address>0x1020</run_address>
         <size>0x25d</size>
         <input_file_ref idref="fl-3"/>
      </object_component>
      <object_component id="oc-33">
         <name>.debug_info</name>
         <load_address>0x127d</load_address>
         <run_address>0x127d</run_address>
         <size>0x84</size>
         <input_file_ref idref="fl-3"/>
      </object_component>
      <object_component id="oc-22">
         <name>.debug_info</name>
         <load_address>0x1301</load_address>
         <run_address>0x1301</run_address>
         <size>0x100</size>
         <input_file_ref idref="fl-bf"/>
      </object_component>
      <object_component id="oc-51">
         <name>.debug_info</name>
         <load_address>0x1401</load_address>
         <run_address>0x1401</run_address>
         <size>0x19d</size>
         <input_file_ref idref="fl-bf"/>
      </object_component>
      <object_component id="oc-150">
         <name>.debug_info</name>
         <load_address>0x159e</load_address>
         <run_address>0x159e</run_address>
         <size>0x240</size>
         <input_file_ref idref="fl-c0"/>
      </object_component>
      <object_component id="oc-14d">
         <name>.debug_info</name>
         <load_address>0x17de</load_address>
         <run_address>0x17de</run_address>
         <size>0x15b</size>
         <input_file_ref idref="fl-c0"/>
      </object_component>
      <object_component id="oc-152">
         <name>.debug_info</name>
         <load_address>0x1939</load_address>
         <run_address>0x1939</run_address>
         <size>0x2b3</size>
         <input_file_ref idref="fl-c0"/>
      </object_component>
      <object_component id="oc-158">
         <name>.debug_info</name>
         <load_address>0x1bec</load_address>
         <run_address>0x1bec</run_address>
         <size>0x316</size>
         <input_file_ref idref="fl-c0"/>
      </object_component>
      <object_component id="oc-de">
         <name>.debug_info</name>
         <load_address>0x1f02</load_address>
         <run_address>0x1f02</run_address>
         <size>0x279</size>
         <input_file_ref idref="fl-c0"/>
      </object_component>
      <object_component id="oc-d8">
         <name>.debug_info</name>
         <load_address>0x217b</load_address>
         <run_address>0x217b</run_address>
         <size>0x280</size>
         <input_file_ref idref="fl-c0"/>
      </object_component>
      <object_component id="oc-144">
         <name>.debug_info</name>
         <load_address>0x23fb</load_address>
         <run_address>0x23fb</run_address>
         <size>0x18b</size>
         <input_file_ref idref="fl-c0"/>
      </object_component>
      <object_component id="oc-15f">
         <name>.debug_info</name>
         <load_address>0x2586</load_address>
         <run_address>0x2586</run_address>
         <size>0x1ed</size>
         <input_file_ref idref="fl-c3"/>
      </object_component>
      <object_component id="oc-f3">
         <name>.debug_info</name>
         <load_address>0x2773</load_address>
         <run_address>0x2773</run_address>
         <size>0x2f6</size>
         <input_file_ref idref="fl-c3"/>
      </object_component>
      <object_component id="oc-f9">
         <name>.debug_info</name>
         <load_address>0x2a69</load_address>
         <run_address>0x2a69</run_address>
         <size>0x2c4</size>
         <input_file_ref idref="fl-c3"/>
      </object_component>
      <object_component id="oc-ed">
         <name>.debug_info</name>
         <load_address>0x2d2d</load_address>
         <run_address>0x2d2d</run_address>
         <size>0x2b6</size>
         <input_file_ref idref="fl-c3"/>
      </object_component>
      <object_component id="oc-fd">
         <name>.debug_info</name>
         <load_address>0x2fe3</load_address>
         <run_address>0x2fe3</run_address>
         <size>0x276</size>
         <input_file_ref idref="fl-c3"/>
      </object_component>
      <object_component id="oc-e5">
         <name>.debug_info</name>
         <load_address>0x3259</load_address>
         <run_address>0x3259</run_address>
         <size>0x2b3</size>
         <input_file_ref idref="fl-c3"/>
      </object_component>
      <object_component id="oc-149">
         <name>.debug_info</name>
         <load_address>0x350c</load_address>
         <run_address>0x350c</run_address>
         <size>0x298</size>
         <input_file_ref idref="fl-c4"/>
      </object_component>
      <object_component id="oc-d2">
         <name>.debug_info</name>
         <load_address>0x37a4</load_address>
         <run_address>0x37a4</run_address>
         <size>0x27d</size>
         <input_file_ref idref="fl-c4"/>
      </object_component>
      <object_component id="oc-cc">
         <name>.debug_info</name>
         <load_address>0x3a21</load_address>
         <run_address>0x3a21</run_address>
         <size>0x263</size>
         <input_file_ref idref="fl-c4"/>
      </object_component>
      <object_component id="oc-c7">
         <name>.debug_info</name>
         <load_address>0x3c84</load_address>
         <run_address>0x3c84</run_address>
         <size>0x2db</size>
         <input_file_ref idref="fl-c4"/>
      </object_component>
      <object_component id="oc-186">
         <name>.debug_info</name>
         <load_address>0x3f5f</load_address>
         <run_address>0x3f5f</run_address>
         <size>0x5f</size>
         <input_file_ref idref="fl-c4"/>
      </object_component>
      <object_component id="oc-93">
         <name>.debug_info</name>
         <load_address>0x3fbe</load_address>
         <run_address>0x3fbe</run_address>
         <size>0x148</size>
         <input_file_ref idref="fl-ca"/>
      </object_component>
      <object_component id="oc-103">
         <name>.debug_info</name>
         <load_address>0x4106</load_address>
         <run_address>0x4106</run_address>
         <size>0x117</size>
         <input_file_ref idref="fl-cc"/>
      </object_component>
      <object_component id="oc-1ec">
         <name>.debug_info</name>
         <load_address>0x421d</load_address>
         <run_address>0x421d</run_address>
         <size>0x97</size>
      </object_component>
      <object_component id="oc-141">
         <name>.debug_line</name>
         <load_address>0x0</load_address>
         <run_address>0x0</run_address>
         <size>0xc3</size>
         <input_file_ref idref="fl-2"/>
      </object_component>
      <object_component id="oc-9c">
         <name>.debug_line</name>
         <load_address>0xc3</load_address>
         <run_address>0xc3</run_address>
         <size>0x4c</size>
         <input_file_ref idref="fl-2"/>
      </object_component>
      <object_component id="oc-70">
         <name>.debug_line</name>
         <load_address>0x10f</load_address>
         <run_address>0x10f</run_address>
         <size>0x69</size>
         <input_file_ref idref="fl-2"/>
      </object_component>
      <object_component id="oc-b2">
         <name>.debug_line</name>
         <load_address>0x178</load_address>
         <run_address>0x178</run_address>
         <size>0x20</size>
         <input_file_ref idref="fl-2"/>
      </object_component>
      <object_component id="oc-ad">
         <name>.debug_line</name>
         <load_address>0x198</load_address>
         <run_address>0x198</run_address>
         <size>0x6d</size>
         <input_file_ref idref="fl-2"/>
      </object_component>
      <object_component id="oc-75">
         <name>.debug_line</name>
         <load_address>0x205</load_address>
         <run_address>0x205</run_address>
         <size>0x6a</size>
         <input_file_ref idref="fl-2"/>
      </object_component>
      <object_component id="oc-6c">
         <name>.debug_line</name>
         <load_address>0x26f</load_address>
         <run_address>0x26f</run_address>
         <size>0x41</size>
         <input_file_ref idref="fl-3"/>
      </object_component>
      <object_component id="oc-2b">
         <name>.debug_line</name>
         <load_address>0x2b0</load_address>
         <run_address>0x2b0</run_address>
         <size>0x41</size>
         <input_file_ref idref="fl-3"/>
      </object_component>
      <object_component id="oc-25">
         <name>.debug_line</name>
         <load_address>0x2f1</load_address>
         <run_address>0x2f1</run_address>
         <size>0xa1</size>
         <input_file_ref idref="fl-3"/>
      </object_component>
      <object_component id="oc-36">
         <name>.debug_line</name>
         <load_address>0x392</load_address>
         <run_address>0x392</run_address>
         <size>0x20</size>
         <input_file_ref idref="fl-3"/>
      </object_component>
      <object_component id="oc-69">
         <name>.debug_line</name>
         <load_address>0x3b2</load_address>
         <run_address>0x3b2</run_address>
         <size>0x33</size>
         <input_file_ref idref="fl-bf"/>
      </object_component>
      <object_component id="oc-55">
         <name>.debug_line</name>
         <load_address>0x3e5</load_address>
         <run_address>0x3e5</run_address>
         <size>0x55</size>
         <input_file_ref idref="fl-bf"/>
      </object_component>
      <object_component id="oc-18e">
         <name>.debug_line</name>
         <load_address>0x43a</load_address>
         <run_address>0x43a</run_address>
         <size>0x82</size>
         <input_file_ref idref="fl-c0"/>
      </object_component>
      <object_component id="oc-18c">
         <name>.debug_line</name>
         <load_address>0x4bc</load_address>
         <run_address>0x4bc</run_address>
         <size>0x7d</size>
         <input_file_ref idref="fl-c0"/>
      </object_component>
      <object_component id="oc-156">
         <name>.debug_line</name>
         <load_address>0x539</load_address>
         <run_address>0x539</run_address>
         <size>0x95</size>
         <input_file_ref idref="fl-c0"/>
      </object_component>
      <object_component id="oc-15c">
         <name>.debug_line</name>
         <load_address>0x5ce</load_address>
         <run_address>0x5ce</run_address>
         <size>0xd1</size>
         <input_file_ref idref="fl-c0"/>
      </object_component>
      <object_component id="oc-e2">
         <name>.debug_line</name>
         <load_address>0x69f</load_address>
         <run_address>0x69f</run_address>
         <size>0x93</size>
         <input_file_ref idref="fl-c0"/>
      </object_component>
      <object_component id="oc-db">
         <name>.debug_line</name>
         <load_address>0x732</load_address>
         <run_address>0x732</run_address>
         <size>0xa7</size>
         <input_file_ref idref="fl-c0"/>
      </object_component>
      <object_component id="oc-147">
         <name>.debug_line</name>
         <load_address>0x7d9</load_address>
         <run_address>0x7d9</run_address>
         <size>0x69</size>
         <input_file_ref idref="fl-c0"/>
      </object_component>
      <object_component id="oc-192">
         <name>.debug_line</name>
         <load_address>0x842</load_address>
         <run_address>0x842</run_address>
         <size>0x82</size>
         <input_file_ref idref="fl-c3"/>
      </object_component>
      <object_component id="oc-f1">
         <name>.debug_line</name>
         <load_address>0x8c4</load_address>
         <run_address>0x8c4</run_address>
         <size>0x9e</size>
         <input_file_ref idref="fl-c3"/>
      </object_component>
      <object_component id="oc-f7">
         <name>.debug_line</name>
         <load_address>0x962</load_address>
         <run_address>0x962</run_address>
         <size>0x95</size>
         <input_file_ref idref="fl-c3"/>
      </object_component>
      <object_component id="oc-eb">
         <name>.debug_line</name>
         <load_address>0x9f7</load_address>
         <run_address>0x9f7</run_address>
         <size>0x96</size>
         <input_file_ref idref="fl-c3"/>
      </object_component>
      <object_component id="oc-ff">
         <name>.debug_line</name>
         <load_address>0xa8d</load_address>
         <run_address>0xa8d</run_address>
         <size>0x91</size>
         <input_file_ref idref="fl-c3"/>
      </object_component>
      <object_component id="oc-e7">
         <name>.debug_line</name>
         <load_address>0xb1e</load_address>
         <run_address>0xb1e</run_address>
         <size>0x9b</size>
         <input_file_ref idref="fl-c3"/>
      </object_component>
      <object_component id="oc-185">
         <name>.debug_line</name>
         <load_address>0xbb9</load_address>
         <run_address>0xbb9</run_address>
         <size>0x13d</size>
         <input_file_ref idref="fl-c4"/>
      </object_component>
      <object_component id="oc-d5">
         <name>.debug_line</name>
         <load_address>0xcf6</load_address>
         <run_address>0xcf6</run_address>
         <size>0x94</size>
         <input_file_ref idref="fl-c4"/>
      </object_component>
      <object_component id="oc-cf">
         <name>.debug_line</name>
         <load_address>0xd8a</load_address>
         <run_address>0xd8a</run_address>
         <size>0x94</size>
         <input_file_ref idref="fl-c4"/>
      </object_component>
      <object_component id="oc-c9">
         <name>.debug_line</name>
         <load_address>0xe1e</load_address>
         <run_address>0xe1e</run_address>
         <size>0xee</size>
         <input_file_ref idref="fl-c4"/>
      </object_component>
      <object_component id="oc-189">
         <name>.debug_line</name>
         <load_address>0xf0c</load_address>
         <run_address>0xf0c</run_address>
         <size>0x7f</size>
         <input_file_ref idref="fl-c4"/>
      </object_component>
      <object_component id="oc-97">
         <name>.debug_line</name>
         <load_address>0xf8b</load_address>
         <run_address>0xf8b</run_address>
         <size>0x40</size>
         <input_file_ref idref="fl-ca"/>
      </object_component>
      <object_component id="oc-106">
         <name>.debug_line</name>
         <load_address>0xfcb</load_address>
         <run_address>0xfcb</run_address>
         <size>0x3c</size>
         <input_file_ref idref="fl-cc"/>
      </object_component>
      <object_component id="oc-9d">
         <name>.debug_frame</name>
         <load_address>0x0</load_address>
         <run_address>0x0</run_address>
         <size>0x58</size>
         <input_file_ref idref="fl-2"/>
      </object_component>
      <object_component id="oc-29">
         <name>.debug_frame</name>
         <load_address>0x58</load_address>
         <run_address>0x58</run_address>
         <size>0x90</size>
         <input_file_ref idref="fl-3"/>
      </object_component>
      <object_component id="oc-54">
         <name>.debug_frame</name>
         <load_address>0xe8</load_address>
         <run_address>0xe8</run_address>
         <size>0x58</size>
         <input_file_ref idref="fl-bf"/>
      </object_component>
      <object_component id="oc-155">
         <name>.debug_frame</name>
         <load_address>0x1e8</load_address>
         <run_address>0x1e8</run_address>
         <size>0x7f</size>
         <input_file_ref idref="fl-c0"/>
      </object_component>
      <object_component id="oc-15b">
         <name>.debug_frame</name>
         <load_address>0x267</load_address>
         <run_address>0x267</run_address>
         <size>0x8f</size>
         <input_file_ref idref="fl-c0"/>
      </object_component>
      <object_component id="oc-e1">
         <name>.debug_frame</name>
         <load_address>0x2f6</load_address>
         <run_address>0x2f6</run_address>
         <size>0x86</size>
         <input_file_ref idref="fl-c0"/>
      </object_component>
      <object_component id="oc-dc">
         <name>.debug_frame</name>
         <load_address>0x37c</load_address>
         <run_address>0x37c</run_address>
         <size>0x86</size>
         <input_file_ref idref="fl-c0"/>
      </object_component>
      <object_component id="oc-f2">
         <name>.debug_frame</name>
         <load_address>0x402</load_address>
         <run_address>0x402</run_address>
         <size>0x7f</size>
         <input_file_ref idref="fl-c3"/>
      </object_component>
      <object_component id="oc-f8">
         <name>.debug_frame</name>
         <load_address>0x481</load_address>
         <run_address>0x481</run_address>
         <size>0x7f</size>
         <input_file_ref idref="fl-c3"/>
      </object_component>
      <object_component id="oc-ec">
         <name>.debug_frame</name>
         <load_address>0x500</load_address>
         <run_address>0x500</run_address>
         <size>0x7f</size>
         <input_file_ref idref="fl-c3"/>
      </object_component>
      <object_component id="oc-100">
         <name>.debug_frame</name>
         <load_address>0x57f</load_address>
         <run_address>0x57f</run_address>
         <size>0x7f</size>
         <input_file_ref idref="fl-c3"/>
      </object_component>
      <object_component id="oc-e8">
         <name>.debug_frame</name>
         <load_address>0x5fe</load_address>
         <run_address>0x5fe</run_address>
         <size>0x7f</size>
         <input_file_ref idref="fl-c3"/>
      </object_component>
      <object_component id="oc-d6">
         <name>.debug_frame</name>
         <load_address>0x67d</load_address>
         <run_address>0x67d</run_address>
         <size>0x7f</size>
         <input_file_ref idref="fl-c4"/>
      </object_component>
      <object_component id="oc-d0">
         <name>.debug_frame</name>
         <load_address>0x6fc</load_address>
         <run_address>0x6fc</run_address>
         <size>0x7f</size>
         <input_file_ref idref="fl-c4"/>
      </object_component>
      <object_component id="oc-ca">
         <name>.debug_frame</name>
         <load_address>0x77b</load_address>
         <run_address>0x77b</run_address>
         <size>0x93</size>
         <input_file_ref idref="fl-c4"/>
      </object_component>
      <object_component id="oc-96">
         <name>.debug_frame</name>
         <load_address>0x140</load_address>
         <run_address>0x140</run_address>
         <size>0x54</size>
         <input_file_ref idref="fl-ca"/>
      </object_component>
      <object_component id="oc-107">
         <name>.debug_frame</name>
         <load_address>0x194</load_address>
         <run_address>0x194</run_address>
         <size>0x54</size>
         <input_file_ref idref="fl-cc"/>
      </object_component>
      <object_component id="oc-140">
         <name>.debug_abbrev</name>
         <load_address>0x0</load_address>
         <run_address>0x0</run_address>
         <size>0x5a</size>
         <input_file_ref idref="fl-2"/>
      </object_component>
      <object_component id="oc-101">
         <name>.debug_abbrev</name>
         <load_address>0x5a</load_address>
         <run_address>0x5a</run_address>
         <size>0x54</size>
         <input_file_ref idref="fl-2"/>
      </object_component>
      <object_component id="oc-6f">
         <name>.debug_abbrev</name>
         <load_address>0xae</load_address>
         <run_address>0xae</run_address>
         <size>0x69</size>
         <input_file_ref idref="fl-2"/>
      </object_component>
      <object_component id="oc-b1">
         <name>.debug_abbrev</name>
         <load_address>0x117</load_address>
         <run_address>0x117</run_address>
         <size>0x1f</size>
         <input_file_ref idref="fl-2"/>
      </object_component>
      <object_component id="oc-ac">
         <name>.debug_abbrev</name>
         <load_address>0x136</load_address>
         <run_address>0x136</run_address>
         <size>0x5c</size>
         <input_file_ref idref="fl-2"/>
      </object_component>
      <object_component id="oc-74">
         <name>.debug_abbrev</name>
         <load_address>0x192</load_address>
         <run_address>0x192</run_address>
         <size>0x24</size>
         <input_file_ref idref="fl-2"/>
      </object_component>
      <object_component id="oc-6b">
         <name>.debug_abbrev</name>
         <load_address>0x1b6</load_address>
         <run_address>0x1b6</run_address>
         <size>0x68</size>
         <input_file_ref idref="fl-3"/>
      </object_component>
      <object_component id="oc-2a">
         <name>.debug_abbrev</name>
         <load_address>0x21e</load_address>
         <run_address>0x21e</run_address>
         <size>0x29</size>
         <input_file_ref idref="fl-3"/>
      </object_component>
      <object_component id="oc-6a">
         <name>.debug_abbrev</name>
         <load_address>0x247</load_address>
         <run_address>0x247</run_address>
         <size>0x79</size>
         <input_file_ref idref="fl-3"/>
      </object_component>
      <object_component id="oc-35">
         <name>.debug_abbrev</name>
         <load_address>0x2c0</load_address>
         <run_address>0x2c0</run_address>
         <size>0x1f</size>
         <input_file_ref idref="fl-3"/>
      </object_component>
      <object_component id="oc-68">
         <name>.debug_abbrev</name>
         <load_address>0x2df</load_address>
         <run_address>0x2df</run_address>
         <size>0x29</size>
         <input_file_ref idref="fl-bf"/>
      </object_component>
      <object_component id="oc-9f">
         <name>.debug_abbrev</name>
         <load_address>0x308</load_address>
         <run_address>0x308</run_address>
         <size>0x61</size>
         <input_file_ref idref="fl-bf"/>
      </object_component>
      <object_component id="oc-18d">
         <name>.debug_abbrev</name>
         <load_address>0x369</load_address>
         <run_address>0x369</run_address>
         <size>0x72</size>
         <input_file_ref idref="fl-c0"/>
      </object_component>
      <object_component id="oc-18b">
         <name>.debug_abbrev</name>
         <load_address>0x3db</load_address>
         <run_address>0x3db</run_address>
         <size>0x27</size>
         <input_file_ref idref="fl-c0"/>
      </object_component>
      <object_component id="oc-18f">
         <name>.debug_abbrev</name>
         <load_address>0x402</load_address>
         <run_address>0x402</run_address>
         <size>0x6c</size>
         <input_file_ref idref="fl-c0"/>
      </object_component>
      <object_component id="oc-190">
         <name>.debug_abbrev</name>
         <load_address>0x46e</load_address>
         <run_address>0x46e</run_address>
         <size>0x6c</size>
         <input_file_ref idref="fl-c0"/>
      </object_component>
      <object_component id="oc-15d">
         <name>.debug_abbrev</name>
         <load_address>0x4da</load_address>
         <run_address>0x4da</run_address>
         <size>0x6c</size>
         <input_file_ref idref="fl-c0"/>
      </object_component>
      <object_component id="oc-14f">
         <name>.debug_abbrev</name>
         <load_address>0x546</load_address>
         <run_address>0x546</run_address>
         <size>0x6c</size>
         <input_file_ref idref="fl-c0"/>
      </object_component>
      <object_component id="oc-146">
         <name>.debug_abbrev</name>
         <load_address>0x5b2</load_address>
         <run_address>0x5b2</run_address>
         <size>0x35</size>
         <input_file_ref idref="fl-c0"/>
      </object_component>
      <object_component id="oc-191">
         <name>.debug_abbrev</name>
         <load_address>0x5e7</load_address>
         <run_address>0x5e7</run_address>
         <size>0x5e</size>
         <input_file_ref idref="fl-c3"/>
      </object_component>
      <object_component id="oc-161">
         <name>.debug_abbrev</name>
         <load_address>0x645</load_address>
         <run_address>0x645</run_address>
         <size>0x6c</size>
         <input_file_ref idref="fl-c3"/>
      </object_component>
      <object_component id="oc-162">
         <name>.debug_abbrev</name>
         <load_address>0x6b1</load_address>
         <run_address>0x6b1</run_address>
         <size>0x6c</size>
         <input_file_ref idref="fl-c3"/>
      </object_component>
      <object_component id="oc-160">
         <name>.debug_abbrev</name>
         <load_address>0x71d</load_address>
         <run_address>0x71d</run_address>
         <size>0x6c</size>
         <input_file_ref idref="fl-c3"/>
      </object_component>
      <object_component id="oc-163">
         <name>.debug_abbrev</name>
         <load_address>0x789</load_address>
         <run_address>0x789</run_address>
         <size>0x6c</size>
         <input_file_ref idref="fl-c3"/>
      </object_component>
      <object_component id="oc-15e">
         <name>.debug_abbrev</name>
         <load_address>0x7f5</load_address>
         <run_address>0x7f5</run_address>
         <size>0x6c</size>
         <input_file_ref idref="fl-c3"/>
      </object_component>
      <object_component id="oc-184">
         <name>.debug_abbrev</name>
         <load_address>0x861</load_address>
         <run_address>0x861</run_address>
         <size>0xb0</size>
         <input_file_ref idref="fl-c4"/>
      </object_component>
      <object_component id="oc-14b">
         <name>.debug_abbrev</name>
         <load_address>0x911</load_address>
         <run_address>0x911</run_address>
         <size>0x6c</size>
         <input_file_ref idref="fl-c4"/>
      </object_component>
      <object_component id="oc-14a">
         <name>.debug_abbrev</name>
         <load_address>0x97d</load_address>
         <run_address>0x97d</run_address>
         <size>0x6c</size>
         <input_file_ref idref="fl-c4"/>
      </object_component>
      <object_component id="oc-143">
         <name>.debug_abbrev</name>
         <load_address>0x9e9</load_address>
         <run_address>0x9e9</run_address>
         <size>0x7a</size>
         <input_file_ref idref="fl-c4"/>
      </object_component>
      <object_component id="oc-188">
         <name>.debug_abbrev</name>
         <load_address>0xa63</load_address>
         <run_address>0xa63</run_address>
         <size>0x49</size>
         <input_file_ref idref="fl-c4"/>
      </object_component>
      <object_component id="oc-c4">
         <name>.debug_abbrev</name>
         <load_address>0xaac</load_address>
         <run_address>0xaac</run_address>
         <size>0x55</size>
         <input_file_ref idref="fl-ca"/>
      </object_component>
      <object_component id="oc-164">
         <name>.debug_abbrev</name>
         <load_address>0xb01</load_address>
         <run_address>0xb01</run_address>
         <size>0x45</size>
         <input_file_ref idref="fl-cc"/>
      </object_component>
      <object_component id="oc-1ed">
         <name>.debug_abbrev</name>
         <load_address>0xb46</load_address>
         <run_address>0xb46</run_address>
         <size>0xf</size>
      </object_component>
      <object_component id="oc-71">
         <name>.debug_str</name>
         <load_address>0x0</load_address>
         <run_address>0x0</run_address>
         <size>0x29f</size>
         <input_file_ref idref="fl-2"/>
      </object_component>
      <object_component id="oc-b3">
         <name>.debug_str</name>
         <load_address>0x29f</load_address>
         <run_address>0x29f</run_address>
         <size>0xfa</size>
         <input_file_ref idref="fl-2"/>
      </object_component>
      <object_component id="oc-ae">
         <name>.debug_str</name>
         <load_address>0x399</load_address>
         <run_address>0x399</run_address>
         <size>0x32e</size>
         <input_file_ref idref="fl-2"/>
      </object_component>
      <object_component id="oc-76">
         <name>.debug_str</name>
         <load_address>0x6c7</load_address>
         <run_address>0x6c7</run_address>
         <size>0x137</size>
         <input_file_ref idref="fl-2"/>
      </object_component>
      <object_component id="oc-37">
         <name>.debug_str</name>
         <load_address>0x7fe</load_address>
         <run_address>0x7fe</run_address>
         <size>0xfa</size>
         <input_file_ref idref="fl-3"/>
      </object_component>
      <object_component id="oc-148">
         <name>.debug_str</name>
         <load_address>0x8f8</load_address>
         <run_address>0x8f8</run_address>
         <size>0x241</size>
         <input_file_ref idref="fl-c0"/>
      </object_component>
      <object_component id="oc-18a">
         <name>.debug_str</name>
         <load_address>0xb39</load_address>
         <run_address>0xb39</run_address>
         <size>0x141</size>
         <input_file_ref idref="fl-c4"/>
      </object_component>
      <object_component id="oc-9a">
         <name>.debug_aranges</name>
         <load_address>0x0</load_address>
         <run_address>0x0</run_address>
         <size>0x20</size>
         <input_file_ref idref="fl-2"/>
      </object_component>
      <object_component id="oc-28">
         <name>.debug_aranges</name>
         <load_address>0x20</load_address>
         <run_address>0x20</run_address>
         <size>0x38</size>
         <input_file_ref idref="fl-3"/>
      </object_component>
      <object_component id="oc-52">
         <name>.debug_aranges</name>
         <load_address>0x58</load_address>
         <run_address>0x58</run_address>
         <size>0x20</size>
         <input_file_ref idref="fl-bf"/>
      </object_component>
      <object_component id="oc-153">
         <name>.debug_aranges</name>
         <load_address>0x78</load_address>
         <run_address>0x78</run_address>
         <size>0x20</size>
         <input_file_ref idref="fl-c0"/>
      </object_component>
      <object_component id="oc-159">
         <name>.debug_aranges</name>
         <load_address>0x98</load_address>
         <run_address>0x98</run_address>
         <size>0x20</size>
         <input_file_ref idref="fl-c0"/>
      </object_component>
      <object_component id="oc-df">
         <name>.debug_aranges</name>
         <load_address>0xb8</load_address>
         <run_address>0xb8</run_address>
         <size>0x20</size>
         <input_file_ref idref="fl-c0"/>
      </object_component>
      <object_component id="oc-d9">
         <name>.debug_aranges</name>
         <load_address>0xd8</load_address>
         <run_address>0xd8</run_address>
         <size>0x20</size>
         <input_file_ref idref="fl-c0"/>
      </object_component>
      <object_component id="oc-f0">
         <name>.debug_aranges</name>
         <load_address>0xf8</load_address>
         <run_address>0xf8</run_address>
         <size>0x20</size>
         <input_file_ref idref="fl-c3"/>
      </object_component>
      <object_component id="oc-f6">
         <name>.debug_aranges</name>
         <load_address>0x118</load_address>
         <run_address>0x118</run_address>
         <size>0x20</size>
         <input_file_ref idref="fl-c3"/>
      </object_component>
      <object_component id="oc-ea">
         <name>.debug_aranges</name>
         <load_address>0x138</load_address>
         <run_address>0x138</run_address>
         <size>0x20</size>
         <input_file_ref idref="fl-c3"/>
      </object_component>
      <object_component id="oc-fc">
         <name>.debug_aranges</name>
         <load_address>0x158</load_address>
         <run_address>0x158</run_address>
         <size>0x20</size>
         <input_file_ref idref="fl-c3"/>
      </object_component>
      <object_component id="oc-e4">
         <name>.debug_aranges</name>
         <load_address>0x178</load_address>
         <run_address>0x178</run_address>
         <size>0x20</size>
         <input_file_ref idref="fl-c3"/>
      </object_component>
      <object_component id="oc-d3">
         <name>.debug_aranges</name>
         <load_address>0x198</load_address>
         <run_address>0x198</run_address>
         <size>0x20</size>
         <input_file_ref idref="fl-c4"/>
      </object_component>
      <object_component id="oc-cd">
         <name>.debug_aranges</name>
         <load_address>0x1b8</load_address>
         <run_address>0x1b8</run_address>
         <size>0x20</size>
         <input_file_ref idref="fl-c4"/>
      </object_component>
      <object_component id="oc-c6">
         <name>.debug_aranges</name>
         <load_address>0x1d8</load_address>
         <run_address>0x1d8</run_address>
         <size>0x20</size>
         <input_file_ref idref="fl-c4"/>
      </object_component>
      <object_component id="oc-94">
         <name>.debug_aranges</name>
         <load_address>0x1f8</load_address>
         <run_address>0x1f8</run_address>
         <size>0x20</size>
         <input_file_ref idref="fl-ca"/>
      </object_component>
      <object_component id="oc-104">
         <name>.debug_aranges</name>
         <load_address>0x218</load_address>
         <run_address>0x218</run_address>
         <size>0x20</size>
         <input_file_ref idref="fl-cc"/>
      </object_component>
      <object_component id="oc-9b">
         <name>.debug_pubnames</name>
         <load_address>0x0</load_address>
         <run_address>0x0</run_address>
         <size>0x1b</size>
         <input_file_ref idref="fl-2"/>
      </object_component>
      <object_component id="oc-11">
         <name>.debug_pubnames</name>
         <load_address>0x1b</load_address>
         <run_address>0x1b</run_address>
         <size>0x23</size>
         <input_file_ref idref="fl-3"/>
      </object_component>
      <object_component id="oc-27">
         <name>.debug_pubnames</name>
         <load_address>0x3e</load_address>
         <run_address>0x3e</run_address>
         <size>0x4c</size>
         <input_file_ref idref="fl-3"/>
      </object_component>
      <object_component id="oc-23">
         <name>.debug_pubnames</name>
         <load_address>0x8a</load_address>
         <run_address>0x8a</run_address>
         <size>0x1e</size>
         <input_file_ref idref="fl-bf"/>
      </object_component>
      <object_component id="oc-53">
         <name>.debug_pubnames</name>
         <load_address>0xa8</load_address>
         <run_address>0xa8</run_address>
         <size>0x2d</size>
         <input_file_ref idref="fl-bf"/>
      </object_component>
      <object_component id="oc-14e">
         <name>.debug_pubnames</name>
         <load_address>0xd5</load_address>
         <run_address>0xd5</run_address>
         <size>0x2b</size>
         <input_file_ref idref="fl-c0"/>
      </object_component>
      <object_component id="oc-154">
         <name>.debug_pubnames</name>
         <load_address>0x100</load_address>
         <run_address>0x100</run_address>
         <size>0x25</size>
         <input_file_ref idref="fl-c0"/>
      </object_component>
      <object_component id="oc-15a">
         <name>.debug_pubnames</name>
         <load_address>0x125</load_address>
         <run_address>0x125</run_address>
         <size>0x27</size>
         <input_file_ref idref="fl-c0"/>
      </object_component>
      <object_component id="oc-e0">
         <name>.debug_pubnames</name>
         <load_address>0x14c</load_address>
         <run_address>0x14c</run_address>
         <size>0x25</size>
         <input_file_ref idref="fl-c0"/>
      </object_component>
      <object_component id="oc-da">
         <name>.debug_pubnames</name>
         <load_address>0x171</load_address>
         <run_address>0x171</run_address>
         <size>0x27</size>
         <input_file_ref idref="fl-c0"/>
      </object_component>
      <object_component id="oc-f4">
         <name>.debug_pubnames</name>
         <load_address>0x198</load_address>
         <run_address>0x198</run_address>
         <size>0x27</size>
         <input_file_ref idref="fl-c3"/>
      </object_component>
      <object_component id="oc-fa">
         <name>.debug_pubnames</name>
         <load_address>0x1bf</load_address>
         <run_address>0x1bf</run_address>
         <size>0x25</size>
         <input_file_ref idref="fl-c3"/>
      </object_component>
      <object_component id="oc-ee">
         <name>.debug_pubnames</name>
         <load_address>0x1e4</load_address>
         <run_address>0x1e4</run_address>
         <size>0x26</size>
         <input_file_ref idref="fl-c3"/>
      </object_component>
      <object_component id="oc-fe">
         <name>.debug_pubnames</name>
         <load_address>0x20a</load_address>
         <run_address>0x20a</run_address>
         <size>0x23</size>
         <input_file_ref idref="fl-c3"/>
      </object_component>
      <object_component id="oc-e6">
         <name>.debug_pubnames</name>
         <load_address>0x22d</load_address>
         <run_address>0x22d</run_address>
         <size>0x26</size>
         <input_file_ref idref="fl-c3"/>
      </object_component>
      <object_component id="oc-d4">
         <name>.debug_pubnames</name>
         <load_address>0x253</load_address>
         <run_address>0x253</run_address>
         <size>0x2d</size>
         <input_file_ref idref="fl-c4"/>
      </object_component>
      <object_component id="oc-ce">
         <name>.debug_pubnames</name>
         <load_address>0x280</load_address>
         <run_address>0x280</run_address>
         <size>0x28</size>
         <input_file_ref idref="fl-c4"/>
      </object_component>
      <object_component id="oc-c8">
         <name>.debug_pubnames</name>
         <load_address>0x2a8</load_address>
         <run_address>0x2a8</run_address>
         <size>0x25</size>
         <input_file_ref idref="fl-c4"/>
      </object_component>
      <object_component id="oc-95">
         <name>.debug_pubnames</name>
         <load_address>0x2cd</load_address>
         <run_address>0x2cd</run_address>
         <size>0x27</size>
         <input_file_ref idref="fl-ca"/>
      </object_component>
      <object_component id="oc-105">
         <name>.debug_pubnames</name>
         <load_address>0x2f4</load_address>
         <run_address>0x2f4</run_address>
         <size>0x1c</size>
         <input_file_ref idref="fl-cc"/>
      </object_component>
      <object_component id="oc-6e">
         <name>.debug_pubtypes</name>
         <load_address>0x0</load_address>
         <run_address>0x0</run_address>
         <size>0x25c</size>
         <input_file_ref idref="fl-2"/>
      </object_component>
      <object_component id="oc-b0">
         <name>.debug_pubtypes</name>
         <load_address>0x25c</load_address>
         <run_address>0x25c</run_address>
         <size>0xff</size>
         <input_file_ref idref="fl-2"/>
      </object_component>
      <object_component id="oc-ab">
         <name>.debug_pubtypes</name>
         <load_address>0x35b</load_address>
         <run_address>0x35b</run_address>
         <size>0x325</size>
         <input_file_ref idref="fl-2"/>
      </object_component>
      <object_component id="oc-73">
         <name>.debug_pubtypes</name>
         <load_address>0x680</load_address>
         <run_address>0x680</run_address>
         <size>0xaa</size>
         <input_file_ref idref="fl-2"/>
      </object_component>
      <object_component id="oc-34">
         <name>.debug_pubtypes</name>
         <load_address>0x72a</load_address>
         <run_address>0x72a</run_address>
         <size>0xed</size>
         <input_file_ref idref="fl-3"/>
      </object_component>
      <object_component id="oc-145">
         <name>.debug_pubtypes</name>
         <load_address>0x817</load_address>
         <run_address>0x817</run_address>
         <size>0x1c6</size>
         <input_file_ref idref="fl-c0"/>
      </object_component>
      <object_component id="oc-187">
         <name>.debug_pubtypes</name>
         <load_address>0x9dd</load_address>
         <run_address>0x9dd</run_address>
         <size>0x28</size>
         <input_file_ref idref="fl-c4"/>
      </object_component>
   </object_component_list>
   <logical_group_list>
      <logical_group id="lg-3" display="no" color="cyan">
         <name>.intvecs</name>
         <load_address>0x0</load_address>
         <run_address>0x0</run_address>
         <size>0x26c</size>
         <contents>
            <object_component_ref idref="oc-f"/>
         </contents>
      </logical_group>
      <logical_group id="lg-4" display="no" color="cyan">
         <name>.text</name>
         <load_address>0x26c</load_address>
         <run_address>0x26c</run_address>
         <size>0x42e</size>
         <contents>
            <object_component_ref idref="oc-157"/>
            <object_component_ref idref="oc-c5"/>
            <object_component_ref idref="oc-98"/>
            <object_component_ref idref="oc-d7"/>
            <object_component_ref idref="oc-d1"/>
            <object_component_ref idref="oc-50"/>
            <object_component_ref idref="oc-151"/>
            <object_component_ref idref="oc-e3"/>
            <object_component_ref idref="oc-ef"/>
            <object_component_ref idref="oc-cb"/>
            <object_component_ref idref="oc-dd"/>
            <object_component_ref idref="oc-f5"/>
            <object_component_ref idref="oc-e9"/>
            <object_component_ref idref="oc-fb"/>
            <object_component_ref idref="oc-24"/>
            <object_component_ref idref="oc-142"/>
            <object_component_ref idref="oc-92"/>
            <object_component_ref idref="oc-102"/>
         </contents>
      </logical_group>
      <logical_group id="lg-5" display="no" color="cyan">
         <name>.const</name>
         <load_address>0x69c</load_address>
         <run_address>0x69c</run_address>
         <size>0x90</size>
         <contents>
            <object_component_ref idref="oc-14c"/>
         </contents>
      </logical_group>
      <logical_group id="lg-6" display="no" color="cyan">
         <name>.cinit</name>
         <run_address>0x0</run_address>
         <size>0x0</size>
         <contents>
         </contents>
      </logical_group>
      <logical_group id="lg-7" display="no" color="cyan">
         <name>.pinit</name>
         <run_address>0x0</run_address>
         <size>0x0</size>
         <contents>
         </contents>
      </logical_group>
      <logical_group id="lg-8" display="no" color="cyan">
         <name>.init_array</name>
         <run_address>0x0</run_address>
         <size>0x0</size>
         <contents>
         </contents>
      </logical_group>
      <logical_group id="lg-9" display="no" color="cyan">
         <name>.vtable</name>
         <run_address>0x0</run_address>
         <size>0x0</size>
         <contents>
         </contents>
      </logical_group>
      <logical_group id="lg-a" display="no" color="cyan">
         <name>.data</name>
         <run_address>0x0</run_address>
         <size>0x0</size>
         <contents>
         </contents>
      </logical_group>
      <logical_group id="lg-b" display="no" color="cyan">
         <name>.bss</name>
         <run_address>0x0</run_address>
         <size>0x0</size>
         <contents>
         </contents>
      </logical_group>
      <logical_group id="lg-c" display="no" color="cyan">
         <name>.sysmem</name>
         <run_address>0x0</run_address>
         <size>0x0</size>
         <contents>
         </contents>
      </logical_group>
      <logical_group id="lg-d" display="no" color="cyan">
         <name>.stack</name>
         <run_address>0x20000000</run_address>
         <size>0x200</size>
         <contents>
            <object_component_ref idref="oc-21"/>
            <object_component_ref idref="oc-1eb"/>
         </contents>
      </logical_group>
      <logical_group id="lg-1c3" display="no" color="cyan">
         <name>.TI.noinit</name>
         <run_address>0x0</run_address>
         <size>0x0</size>
         <contents>
         </contents>
      </logical_group>
      <logical_group id="lg-1c4" display="no" color="cyan">
         <name>.TI.persistent</name>
         <run_address>0x0</run_address>
         <size>0x0</size>
         <contents>
         </contents>
      </logical_group>
      <logical_group id="lg-1d2" display="never" color="cyan">
         <name>.debug_info</name>
         <load_address>0x0</load_address>
         <run_address>0x0</run_address>
         <size>0x42b4</size>
         <contents>
            <object_component_ref idref="oc-b4"/>
            <object_component_ref idref="oc-99"/>
            <object_component_ref idref="oc-6d"/>
            <object_component_ref idref="oc-af"/>
            <object_component_ref idref="oc-aa"/>
            <object_component_ref idref="oc-72"/>
            <object_component_ref idref="oc-2c"/>
            <object_component_ref idref="oc-10"/>
            <object_component_ref idref="oc-26"/>
            <object_component_ref idref="oc-33"/>
            <object_component_ref idref="oc-22"/>
            <object_component_ref idref="oc-51"/>
            <object_component_ref idref="oc-150"/>
            <object_component_ref idref="oc-14d"/>
            <object_component_ref idref="oc-152"/>
            <object_component_ref idref="oc-158"/>
            <object_component_ref idref="oc-de"/>
            <object_component_ref idref="oc-d8"/>
            <object_component_ref idref="oc-144"/>
            <object_component_ref idref="oc-15f"/>
            <object_component_ref idref="oc-f3"/>
            <object_component_ref idref="oc-f9"/>
            <object_component_ref idref="oc-ed"/>
            <object_component_ref idref="oc-fd"/>
            <object_component_ref idref="oc-e5"/>
            <object_component_ref idref="oc-149"/>
            <object_component_ref idref="oc-d2"/>
            <object_component_ref idref="oc-cc"/>
            <object_component_ref idref="oc-c7"/>
            <object_component_ref idref="oc-186"/>
            <object_component_ref idref="oc-93"/>
            <object_component_ref idref="oc-103"/>
            <object_component_ref idref="oc-1ec"/>
         </contents>
      </logical_group>
      <logical_group id="lg-1d4" display="never" color="cyan">
         <name>.debug_line</name>
         <load_address>0x0</load_address>
         <run_address>0x0</run_address>
         <size>0x1007</size>
         <contents>
            <object_component_ref idref="oc-141"/>
            <object_component_ref idref="oc-9c"/>
            <object_component_ref idref="oc-70"/>
            <object_component_ref idref="oc-b2"/>
            <object_component_ref idref="oc-ad"/>
            <object_component_ref idref="oc-75"/>
            <object_component_ref idref="oc-6c"/>
            <object_component_ref idref="oc-2b"/>
            <object_component_ref idref="oc-25"/>
            <object_component_ref idref="oc-36"/>
            <object_component_ref idref="oc-69"/>
            <object_component_ref idref="oc-55"/>
            <object_component_ref idref="oc-18e"/>
            <object_component_ref idref="oc-18c"/>
            <object_component_ref idref="oc-156"/>
            <object_component_ref idref="oc-15c"/>
            <object_component_ref idref="oc-e2"/>
            <object_component_ref idref="oc-db"/>
            <object_component_ref idref="oc-147"/>
            <object_component_ref idref="oc-192"/>
            <object_component_ref idref="oc-f1"/>
            <object_component_ref idref="oc-f7"/>
            <object_component_ref idref="oc-eb"/>
            <object_component_ref idref="oc-ff"/>
            <object_component_ref idref="oc-e7"/>
            <object_component_ref idref="oc-185"/>
            <object_component_ref idref="oc-d5"/>
            <object_component_ref idref="oc-cf"/>
            <object_component_ref idref="oc-c9"/>
            <object_component_ref idref="oc-189"/>
            <object_component_ref idref="oc-97"/>
            <object_component_ref idref="oc-106"/>
         </contents>
      </logical_group>
      <logical_group id="lg-1d6" display="never" color="cyan">
         <name>.debug_frame</name>
         <load_address>0x0</load_address>
         <run_address>0x0</run_address>
         <size>0x80e</size>
         <contents>
            <object_component_ref idref="oc-9d"/>
            <object_component_ref idref="oc-29"/>
            <object_component_ref idref="oc-54"/>
            <object_component_ref idref="oc-155"/>
            <object_component_ref idref="oc-15b"/>
            <object_component_ref idref="oc-e1"/>
            <object_component_ref idref="oc-dc"/>
            <object_component_ref idref="oc-f2"/>
            <object_component_ref idref="oc-f8"/>
            <object_component_ref idref="oc-ec"/>
            <object_component_ref idref="oc-100"/>
            <object_component_ref idref="oc-e8"/>
            <object_component_ref idref="oc-d6"/>
            <object_component_ref idref="oc-d0"/>
            <object_component_ref idref="oc-ca"/>
            <object_component_ref idref="oc-96"/>
            <object_component_ref idref="oc-107"/>
         </contents>
      </logical_group>
      <logical_group id="lg-1d8" display="never" color="cyan">
         <name>.debug_abbrev</name>
         <load_address>0x0</load_address>
         <run_address>0x0</run_address>
         <size>0xb55</size>
         <contents>
            <object_component_ref idref="oc-140"/>
            <object_component_ref idref="oc-101"/>
            <object_component_ref idref="oc-6f"/>
            <object_component_ref idref="oc-b1"/>
            <object_component_ref idref="oc-ac"/>
            <object_component_ref idref="oc-74"/>
            <object_component_ref idref="oc-6b"/>
            <object_component_ref idref="oc-2a"/>
            <object_component_ref idref="oc-6a"/>
            <object_component_ref idref="oc-35"/>
            <object_component_ref idref="oc-68"/>
            <object_component_ref idref="oc-9f"/>
            <object_component_ref idref="oc-18d"/>
            <object_component_ref idref="oc-18b"/>
            <object_component_ref idref="oc-18f"/>
            <object_component_ref idref="oc-190"/>
            <object_component_ref idref="oc-15d"/>
            <object_component_ref idref="oc-14f"/>
            <object_component_ref idref="oc-146"/>
            <object_component_ref idref="oc-191"/>
            <object_component_ref idref="oc-161"/>
            <object_component_ref idref="oc-162"/>
            <object_component_ref idref="oc-160"/>
            <object_component_ref idref="oc-163"/>
            <object_component_ref idref="oc-15e"/>
            <object_component_ref idref="oc-184"/>
            <object_component_ref idref="oc-14b"/>
            <object_component_ref idref="oc-14a"/>
            <object_component_ref idref="oc-143"/>
            <object_component_ref idref="oc-188"/>
            <object_component_ref idref="oc-c4"/>
            <object_component_ref idref="oc-164"/>
            <object_component_ref idref="oc-1ed"/>
         </contents>
      </logical_group>
      <logical_group id="lg-1da" display="never" color="cyan">
         <name>.debug_str</name>
         <load_address>0x0</load_address>
         <run_address>0x0</run_address>
         <size>0xc7a</size>
         <contents>
            <object_component_ref idref="oc-71"/>
            <object_component_ref idref="oc-b3"/>
            <object_component_ref idref="oc-ae"/>
            <object_component_ref idref="oc-76"/>
            <object_component_ref idref="oc-37"/>
            <object_component_ref idref="oc-148"/>
            <object_component_ref idref="oc-18a"/>
         </contents>
      </logical_group>
      <logical_group id="lg-1dc" display="never" color="cyan">
         <name>.debug_aranges</name>
         <load_address>0x0</load_address>
         <run_address>0x0</run_address>
         <size>0x238</size>
         <contents>
            <object_component_ref idref="oc-9a"/>
            <object_component_ref idref="oc-28"/>
            <object_component_ref idref="oc-52"/>
            <object_component_ref idref="oc-153"/>
            <object_component_ref idref="oc-159"/>
            <object_component_ref idref="oc-df"/>
            <object_component_ref idref="oc-d9"/>
            <object_component_ref idref="oc-f0"/>
            <object_component_ref idref="oc-f6"/>
            <object_component_ref idref="oc-ea"/>
            <object_component_ref idref="oc-fc"/>
            <object_component_ref idref="oc-e4"/>
            <object_component_ref idref="oc-d3"/>
            <object_component_ref idref="oc-cd"/>
            <object_component_ref idref="oc-c6"/>
            <object_component_ref idref="oc-94"/>
            <object_component_ref idref="oc-104"/>
         </contents>
      </logical_group>
      <logical_group id="lg-1de" display="never" color="cyan">
         <name>.debug_pubnames</name>
         <load_address>0x0</load_address>
         <run_address>0x0</run_address>
         <size>0x310</size>
         <contents>
            <object_component_ref idref="oc-9b"/>
            <object_component_ref idref="oc-11"/>
            <object_component_ref idref="oc-27"/>
            <object_component_ref idref="oc-23"/>
            <object_component_ref idref="oc-53"/>
            <object_component_ref idref="oc-14e"/>
            <object_component_ref idref="oc-154"/>
            <object_component_ref idref="oc-15a"/>
            <object_component_ref idref="oc-e0"/>
            <object_component_ref idref="oc-da"/>
            <object_component_ref idref="oc-f4"/>
            <object_component_ref idref="oc-fa"/>
            <object_component_ref idref="oc-ee"/>
            <object_component_ref idref="oc-fe"/>
            <object_component_ref idref="oc-e6"/>
            <object_component_ref idref="oc-d4"/>
            <object_component_ref idref="oc-ce"/>
            <object_component_ref idref="oc-c8"/>
            <object_component_ref idref="oc-95"/>
            <object_component_ref idref="oc-105"/>
         </contents>
      </logical_group>
      <logical_group id="lg-1e0" display="never" color="cyan">
         <name>.debug_pubtypes</name>
         <load_address>0x0</load_address>
         <run_address>0x0</run_address>
         <size>0xa05</size>
         <contents>
            <object_component_ref idref="oc-6e"/>
            <object_component_ref idref="oc-b0"/>
            <object_component_ref idref="oc-ab"/>
            <object_component_ref idref="oc-73"/>
            <object_component_ref idref="oc-34"/>
            <object_component_ref idref="oc-145"/>
            <object_component_ref idref="oc-187"/>
         </contents>
      </logical_group>
      <load_segment id="lg-1f0" display="no" color="cyan">
         <name>SEGMENT_0</name>
         <load_address>0x0</load_address>
         <run_address>0x0</run_address>
         <size>0x72c</size>
         <flags>0x5</flags>
         <contents>
            <logical_group_ref idref="lg-3"/>
            <logical_group_ref idref="lg-4"/>
            <logical_group_ref idref="lg-5"/>
         </contents>
      </load_segment>
      <load_segment id="lg-1f1" display="no" color="cyan">
         <name>SEGMENT_1</name>
         <run_address>0x20000000</run_address>
         <size>0x200</size>
         <flags>0x6</flags>
         <contents>
            <logical_group_ref idref="lg-d"/>
         </contents>
      </load_segment>
   </logical_group_list>
   <placement_map>
      <memory_area display="yes" color="green">
         <name>FLASH</name>
         <page_id>0x0</page_id>
         <origin>0x0</origin>
         <length>0x40000</length>
         <used_space>0x72a</used_space>
         <unused_space>0x3f8d6</unused_space>
         <attributes>RX</attributes>
         <usage_details>
            <allocated_space>
               <start_address>0x0</start_address>
               <size>0x26c</size>
               <logical_group_ref idref="lg-3"/>
            </allocated_space>
            <allocated_space>
               <start_address>0x26c</start_address>
               <size>0x42e</size>
               <logical_group_ref idref="lg-4"/>
            </allocated_space>
            <available_space>
               <start_address>0x69a</start_address>
               <size>0x2</size>
            </available_space>
            <allocated_space>
               <start_address>0x69c</start_address>
               <size>0x90</size>
               <logical_group_ref idref="lg-5"/>
            </allocated_space>
            <available_space>
               <start_address>0x72c</start_address>
               <size>0x3f8d4</size>
            </available_space>
         </usage_details>
      </memory_area>
      <memory_area display="yes" color="green">
         <name>SRAM</name>
         <page_id>0x0</page_id>
         <origin>0x20000000</origin>
         <length>0x8000</length>
         <used_space>0x200</used_space>
         <unused_space>0x7e00</unused_space>
         <attributes>RWX</attributes>
         <usage_details>
            <allocated_space>
               <start_address>0x20000000</start_address>
               <size>0x200</size>
               <logical_group_ref idref="lg-d"/>
            </allocated_space>
            <available_space>
               <start_address>0x20000200</start_address>
               <size>0x7e00</size>
            </available_space>
         </usage_details>
      </memory_area>
   </placement_map>
   <symbol_table>
      <symbol id="sm-1">
         <name>__STACK_TOP</name>
         <value>0x20000200</value>
      </symbol>
      <symbol id="sm-2">
         <name>binit</name>
         <value>0xffffffff</value>
      </symbol>
      <symbol id="sm-3">
         <name>__binit__</name>
         <value>0xffffffff</value>
      </symbol>
      <symbol id="sm-4">
         <name>__STACK_SIZE</name>
         <value>0x200</value>
      </symbol>
      <symbol id="sm-5">
         <name>__STACK_END</name>
         <value>0x20000200</value>
      </symbol>
      <symbol id="sm-6">
         <name>__c_args__</name>
         <value>0xffffffff</value>
      </symbol>
      <symbol id="sm-7">
         <name>__TI_pprof_out_hndl</name>
         <value>0xffffffff</value>
      </symbol>
      <symbol id="sm-8">
         <name>__TI_prof_data_start</name>
         <value>0xffffffff</value>
      </symbol>
      <symbol id="sm-9">
         <name>__TI_prof_data_size</name>
         <value>0xffffffff</value>
      </symbol>
      <symbol id="sm-a">
         <name>__TI_static_base__</name>
         <value>0x0</value>
      </symbol>
      <symbol id="sm-48">
         <name>main</name>
         <value>0x495</value>
         <object_component_ref idref="oc-98"/>
      </symbol>
      <symbol id="sm-69">
         <name>ResetISR</name>
         <value>0x681</value>
         <object_component_ref idref="oc-24"/>
      </symbol>
      <symbol id="sm-6a">
         <name>g_pfnVectors</name>
         <value>0x0</value>
         <object_component_ref idref="oc-f"/>
      </symbol>
      <symbol id="sm-7d">
         <name>_c_int00_noinit_noargs</name>
         <value>0x591</value>
         <object_component_ref idref="oc-50"/>
      </symbol>
      <symbol id="sm-7e">
         <name>__stack</name>
         <value>0x20000000</value>
         <object_component_ref idref="oc-21"/>
      </symbol>
      <symbol id="sm-b5">
         <name>GPIOPinTypePWM</name>
         <value>0x641</value>
         <object_component_ref idref="oc-dd"/>
      </symbol>
      <symbol id="sm-b6">
         <name>GPIOPinConfigure</name>
         <value>0x515</value>
         <object_component_ref idref="oc-d7"/>
      </symbol>
      <symbol id="sm-b7">
         <name>GPIODirModeSet</name>
         <value>0x5c1</value>
         <object_component_ref idref="oc-151"/>
      </symbol>
      <symbol id="sm-b8">
         <name>GPIOPadConfigSet</name>
         <value>0x26d</value>
         <object_component_ref idref="oc-157"/>
      </symbol>
      <symbol id="sm-e7">
         <name>PWMGenPeriodSet</name>
         <value>0x665</value>
         <object_component_ref idref="oc-e9"/>
      </symbol>
      <symbol id="sm-e8">
         <name>PWMPulseWidthSet</name>
         <value>0x60d</value>
         <object_component_ref idref="oc-ef"/>
      </symbol>
      <symbol id="sm-e9">
         <name>PWMOutputState</name>
         <value>0x653</value>
         <object_component_ref idref="oc-f5"/>
      </symbol>
      <symbol id="sm-ea">
         <name>PWMGenEnable</name>
         <value>0x675</value>
         <object_component_ref idref="oc-fb"/>
      </symbol>
      <symbol id="sm-eb">
         <name>PWMGenConfigure</name>
         <value>0x5eb</value>
         <object_component_ref idref="oc-e3"/>
      </symbol>
      <symbol id="sm-121">
         <name>SysCtlClockSet</name>
         <value>0x3a1</value>
         <object_component_ref idref="oc-c5"/>
      </symbol>
      <symbol id="sm-122">
         <name>SysCtlDelay</name>
         <value>0x68d</value>
         <object_component_ref idref="oc-142"/>
      </symbol>
      <symbol id="sm-123">
         <name>SysCtlPeripheralEnable</name>
         <value>0x55d</value>
         <object_component_ref idref="oc-d1"/>
      </symbol>
      <symbol id="sm-124">
         <name>SysCtlPWMClockSet</name>
         <value>0x62d</value>
         <object_component_ref idref="oc-cb"/>
      </symbol>
      <symbol id="sm-133">
         <name>_system_pre_init</name>
         <value>0x693</value>
         <object_component_ref idref="oc-92"/>
      </symbol>
      <symbol id="sm-13f">
         <name>C$$EXIT</name>
         <value>0x697</value>
         <object_component_ref idref="oc-102"/>
      </symbol>
      <symbol id="sm-140">
         <name>abort</name>
         <value>0x697</value>
         <object_component_ref idref="oc-102"/>
      </symbol>
      <symbol id="sm-144">
         <name>__mpu_init</name>
         <value>0x0</value>
      </symbol>
   </symbol_table>
   <title>Link successful</title>
</link_info>
