<?xml version="1.0" encoding="ISO-8859-1" ?>
<link_info>
   <banner>TI ARM Linker PC v18.1.2.LTS</banner>
   <copyright>Copyright (c) 1996-2017 Texas Instruments Incorporated</copyright>
   <link_time>0x5b4a008b</link_time>
   <link_errors>0x0</link_errors>
   <output_file>PWM_With_Deadband0.out</output_file>
   <entry_point>
      <name>_c_int00_noinit_noargs</name>
      <address>0x705</address>
   </entry_point>
   <input_file_list>
      <input_file id="fl-2">
         <path>.\</path>
         <kind>object</kind>
         <file>main.obj</file>
         <name>main.obj</name>
      </input_file>
      <input_file id="fl-3">
         <path>.\</path>
         <kind>object</kind>
         <file>tm4c123gh6pm_startup_ccs.obj</file>
         <name>tm4c123gh6pm_startup_ccs.obj</name>
      </input_file>
      <input_file id="fl-9">
         <kind>object</kind>
         <file>&lt;internal&gt;</file>
         <name>&lt;internal&gt;</name>
      </input_file>
      <input_file id="fl-bf">
         <path>D:\ti\ccsv8\tools\compiler\ti-cgt-arm_18.1.2.LTS\lib\</path>
         <kind>archive</kind>
         <file>rtsv7M4_T_le_v4SPD16_eabi.lib</file>
         <name>boot_cortex_m.c.obj</name>
      </input_file>
      <input_file id="fl-c0">
         <path>D:\ti\TivaWare_C_Series-2.1.4.178\driverlib\ccs\Debug\</path>
         <kind>archive</kind>
         <file>driverlib.lib</file>
         <name>gpio.obj</name>
      </input_file>
      <input_file id="fl-c1">
         <path>D:\ti\TivaWare_C_Series-2.1.4.178\driverlib\ccs\Debug\</path>
         <kind>archive</kind>
         <file>driverlib.lib</file>
         <name>interrupt.obj</name>
      </input_file>
      <input_file id="fl-c2">
         <path>D:\ti\TivaWare_C_Series-2.1.4.178\driverlib\ccs\Debug\</path>
         <kind>archive</kind>
         <file>driverlib.lib</file>
         <name>cpu.obj</name>
      </input_file>
      <input_file id="fl-c3">
         <path>D:\ti\TivaWare_C_Series-2.1.4.178\driverlib\ccs\Debug\</path>
         <kind>archive</kind>
         <file>driverlib.lib</file>
         <name>pwm.obj</name>
      </input_file>
      <input_file id="fl-c4">
         <path>D:\ti\TivaWare_C_Series-2.1.4.178\driverlib\ccs\Debug\</path>
         <kind>archive</kind>
         <file>driverlib.lib</file>
         <name>sysctl.obj</name>
      </input_file>
      <input_file id="fl-c5">
         <path>D:\ti\ccsv8\tools\compiler\ti-cgt-arm_18.1.2.LTS\lib\</path>
         <kind>archive</kind>
         <file>rtsv7M4_T_le_v4SPD16_eabi.lib</file>
         <name>autoinit.c.obj</name>
      </input_file>
      <input_file id="fl-c6">
         <path>D:\ti\ccsv8\tools\compiler\ti-cgt-arm_18.1.2.LTS\lib\</path>
         <kind>archive</kind>
         <file>rtsv7M4_T_le_v4SPD16_eabi.lib</file>
         <name>copy_decompress_lzss.c.obj</name>
      </input_file>
      <input_file id="fl-c7">
         <path>D:\ti\ccsv8\tools\compiler\ti-cgt-arm_18.1.2.LTS\lib\</path>
         <kind>archive</kind>
         <file>rtsv7M4_T_le_v4SPD16_eabi.lib</file>
         <name>copy_decompress_none.c.obj</name>
      </input_file>
      <input_file id="fl-c8">
         <path>D:\ti\ccsv8\tools\compiler\ti-cgt-arm_18.1.2.LTS\lib\</path>
         <kind>archive</kind>
         <file>rtsv7M4_T_le_v4SPD16_eabi.lib</file>
         <name>copy_zero_init.c.obj</name>
      </input_file>
      <input_file id="fl-c9">
         <path>D:\ti\ccsv8\tools\compiler\ti-cgt-arm_18.1.2.LTS\lib\</path>
         <kind>archive</kind>
         <file>rtsv7M4_T_le_v4SPD16_eabi.lib</file>
         <name>args_main.c.obj</name>
      </input_file>
      <input_file id="fl-ca">
         <path>D:\ti\ccsv8\tools\compiler\ti-cgt-arm_18.1.2.LTS\lib\</path>
         <kind>archive</kind>
         <file>rtsv7M4_T_le_v4SPD16_eabi.lib</file>
         <name>pre_init.c.obj</name>
      </input_file>
      <input_file id="fl-cb">
         <path>D:\ti\ccsv8\tools\compiler\ti-cgt-arm_18.1.2.LTS\lib\</path>
         <kind>archive</kind>
         <file>rtsv7M4_T_le_v4SPD16_eabi.lib</file>
         <name>cpy_tbl.c.obj</name>
      </input_file>
      <input_file id="fl-cc">
         <path>D:\ti\ccsv8\tools\compiler\ti-cgt-arm_18.1.2.LTS\lib\</path>
         <kind>archive</kind>
         <file>rtsv7M4_T_le_v4SPD16_eabi.lib</file>
         <name>exit.c.obj</name>
      </input_file>
      <input_file id="fl-cd">
         <path>D:\ti\ccsv8\tools\compiler\ti-cgt-arm_18.1.2.LTS\lib\</path>
         <kind>archive</kind>
         <file>rtsv7M4_T_le_v4SPD16_eabi.lib</file>
         <name>_lock.c.obj</name>
      </input_file>
      <input_file id="fl-ce">
         <path>D:\ti\ccsv8\tools\compiler\ti-cgt-arm_18.1.2.LTS\lib\</path>
         <kind>archive</kind>
         <file>rtsv7M4_T_le_v4SPD16_eabi.lib</file>
         <name>memcpy_t2.asm.obj</name>
      </input_file>
      <input_file id="fl-cf">
         <path>D:\ti\ccsv8\tools\compiler\ti-cgt-arm_18.1.2.LTS\lib\</path>
         <kind>archive</kind>
         <file>rtsv7M4_T_le_v4SPD16_eabi.lib</file>
         <name>memset_t2.asm.obj</name>
      </input_file>
   </input_file_list>
   <object_component_list>
      <object_component id="oc-f">
         <name>.intvecs</name>
         <load_address>0x0</load_address>
         <run_address>0x0</run_address>
         <size>0x26c</size>
         <input_file_ref idref="fl-3"/>
      </object_component>
      <object_component id="oc-163">
         <name>.text:GPIOPadConfigSet</name>
         <load_address>0x26c</load_address>
         <run_address>0x26c</run_address>
         <size>0x132</size>
         <input_file_ref idref="fl-c0"/>
      </object_component>
      <object_component id="oc-e9">
         <name>.text:SysCtlClockGet</name>
         <load_address>0x3a0</load_address>
         <run_address>0x3a0</run_address>
         <size>0x110</size>
         <input_file_ref idref="fl-c4"/>
      </object_component>
      <object_component id="oc-c5">
         <name>.text:SysCtlClockSet</name>
         <load_address>0x4b0</load_address>
         <run_address>0x4b0</run_address>
         <size>0xf4</size>
         <input_file_ref idref="fl-c4"/>
      </object_component>
      <object_component id="oc-98">
         <name>.text</name>
         <load_address>0x5a4</load_address>
         <run_address>0x5a4</run_address>
         <size>0xe4</size>
         <input_file_ref idref="fl-2"/>
      </object_component>
      <object_component id="oc-d7">
         <name>.text:GPIOPinConfigure</name>
         <load_address>0x688</load_address>
         <run_address>0x688</run_address>
         <size>0x48</size>
         <input_file_ref idref="fl-c0"/>
      </object_component>
      <object_component id="oc-d1">
         <name>.text:SysCtlPeripheralEnable</name>
         <load_address>0x6d0</load_address>
         <run_address>0x6d0</run_address>
         <size>0x34</size>
         <input_file_ref idref="fl-c4"/>
      </object_component>
      <object_component id="oc-50">
         <name>.text:_c_int00_noinit_noargs:_c_int00_noinit_noargs</name>
         <load_address>0x704</load_address>
         <run_address>0x704</run_address>
         <size>0x30</size>
         <input_file_ref idref="fl-bf"/>
      </object_component>
      <object_component id="oc-15d">
         <name>.text:GPIODirModeSet</name>
         <load_address>0x734</load_address>
         <run_address>0x734</run_address>
         <size>0x2a</size>
         <input_file_ref idref="fl-c0"/>
      </object_component>
      <object_component id="oc-e3">
         <name>.text:PWMGenConfigure</name>
         <load_address>0x75e</load_address>
         <run_address>0x75e</run_address>
         <size>0x22</size>
         <input_file_ref idref="fl-c3"/>
      </object_component>
      <object_component id="oc-f5">
         <name>.text:PWMPulseWidthSet</name>
         <load_address>0x780</load_address>
         <run_address>0x780</run_address>
         <size>0x1e</size>
         <input_file_ref idref="fl-c3"/>
      </object_component>
      <object_component id="oc-cb">
         <name>.text:SysCtlPWMClockSet</name>
         <load_address>0x7a0</load_address>
         <run_address>0x7a0</run_address>
         <size>0x14</size>
         <input_file_ref idref="fl-c4"/>
      </object_component>
      <object_component id="oc-dd">
         <name>.text:GPIOPinTypePWM</name>
         <load_address>0x7b4</load_address>
         <run_address>0x7b4</run_address>
         <size>0x12</size>
         <input_file_ref idref="fl-c0"/>
      </object_component>
      <object_component id="oc-101">
         <name>.text:PWMOutputState</name>
         <load_address>0x7c6</load_address>
         <run_address>0x7c6</run_address>
         <size>0x12</size>
         <input_file_ref idref="fl-c3"/>
      </object_component>
      <object_component id="oc-fb">
         <name>.text:PWMDeadBandEnable</name>
         <load_address>0x7d8</load_address>
         <run_address>0x7d8</run_address>
         <size>0x10</size>
         <input_file_ref idref="fl-c3"/>
      </object_component>
      <object_component id="oc-ef">
         <name>.text:PWMGenPeriodSet</name>
         <load_address>0x7e8</load_address>
         <run_address>0x7e8</run_address>
         <size>0x10</size>
         <input_file_ref idref="fl-c3"/>
      </object_component>
      <object_component id="oc-107">
         <name>.text:PWMGenEnable</name>
         <load_address>0x7f8</load_address>
         <run_address>0x7f8</run_address>
         <size>0xc</size>
         <input_file_ref idref="fl-c3"/>
      </object_component>
      <object_component id="oc-24">
         <name>.text</name>
         <load_address>0x804</load_address>
         <run_address>0x804</run_address>
         <size>0xc</size>
         <input_file_ref idref="fl-3"/>
      </object_component>
      <object_component id="oc-14e">
         <name>.text:SysCtlDelay</name>
         <load_address>0x810</load_address>
         <run_address>0x810</run_address>
         <size>0x6</size>
         <input_file_ref idref="fl-c4"/>
      </object_component>
      <object_component id="oc-92">
         <name>.text:_system_pre_init</name>
         <load_address>0x816</load_address>
         <run_address>0x816</run_address>
         <size>0x4</size>
         <input_file_ref idref="fl-ca"/>
      </object_component>
      <object_component id="oc-10e">
         <name>.text:abort:abort</name>
         <load_address>0x81a</load_address>
         <run_address>0x81a</run_address>
         <size>0x4</size>
         <input_file_ref idref="fl-cc"/>
      </object_component>
      <object_component id="oc-158">
         <name>.const:g_pui32GPIOBaseAddrs</name>
         <load_address>0x820</load_address>
         <run_address>0x820</run_address>
         <size>0x90</size>
         <input_file_ref idref="fl-c0"/>
      </object_component>
      <object_component id="oc-16c">
         <name>.const:g_pui32Xtals</name>
         <load_address>0x8b0</load_address>
         <run_address>0x8b0</run_address>
         <size>0x6c</size>
         <input_file_ref idref="fl-c4"/>
      </object_component>
      <object_component id="oc-21">
         <name>.stack</name>
         <uninitialized>true</uninitialized>
         <run_address>0x20000000</run_address>
         <size>0x4</size>
         <input_file_ref idref="fl-bf"/>
      </object_component>
      <object_component id="oc-1fe">
         <name>.stack</name>
         <uninitialized>true</uninitialized>
         <run_address>0x20000000</run_address>
         <size>0x0</size>
      </object_component>
      <object_component id="oc-b4">
         <name>.debug_info</name>
         <load_address>0x0</load_address>
         <run_address>0x0</run_address>
         <size>0x4e8</size>
         <input_file_ref idref="fl-2"/>
      </object_component>
      <object_component id="oc-99">
         <name>.debug_info</name>
         <load_address>0x4e8</load_address>
         <run_address>0x4e8</run_address>
         <size>0x2e5</size>
         <input_file_ref idref="fl-2"/>
      </object_component>
      <object_component id="oc-6d">
         <name>.debug_info</name>
         <load_address>0x7cd</load_address>
         <run_address>0x7cd</run_address>
         <size>0x26b</size>
         <input_file_ref idref="fl-2"/>
      </object_component>
      <object_component id="oc-af">
         <name>.debug_info</name>
         <load_address>0xa38</load_address>
         <run_address>0xa38</run_address>
         <size>0x8b</size>
         <input_file_ref idref="fl-2"/>
      </object_component>
      <object_component id="oc-aa">
         <name>.debug_info</name>
         <load_address>0xac3</load_address>
         <run_address>0xac3</run_address>
         <size>0x297</size>
         <input_file_ref idref="fl-2"/>
      </object_component>
      <object_component id="oc-72">
         <name>.debug_info</name>
         <load_address>0xd5a</load_address>
         <run_address>0xd5a</run_address>
         <size>0xbb</size>
         <input_file_ref idref="fl-2"/>
      </object_component>
      <object_component id="oc-2c">
         <name>.debug_info</name>
         <load_address>0xe15</load_address>
         <run_address>0xe15</run_address>
         <size>0x2ab</size>
         <input_file_ref idref="fl-3"/>
      </object_component>
      <object_component id="oc-10">
         <name>.debug_info</name>
         <load_address>0x10c0</load_address>
         <run_address>0x10c0</run_address>
         <size>0xea</size>
         <input_file_ref idref="fl-3"/>
      </object_component>
      <object_component id="oc-25">
         <name>.debug_info</name>
         <load_address>0x11aa</load_address>
         <run_address>0x11aa</run_address>
         <size>0x266</size>
         <input_file_ref idref="fl-3"/>
      </object_component>
      <object_component id="oc-33">
         <name>.debug_info</name>
         <load_address>0x1410</load_address>
         <run_address>0x1410</run_address>
         <size>0x84</size>
         <input_file_ref idref="fl-3"/>
      </object_component>
      <object_component id="oc-22">
         <name>.debug_info</name>
         <load_address>0x1494</load_address>
         <run_address>0x1494</run_address>
         <size>0x100</size>
         <input_file_ref idref="fl-bf"/>
      </object_component>
      <object_component id="oc-51">
         <name>.debug_info</name>
         <load_address>0x1594</load_address>
         <run_address>0x1594</run_address>
         <size>0x19d</size>
         <input_file_ref idref="fl-bf"/>
      </object_component>
      <object_component id="oc-15c">
         <name>.debug_info</name>
         <load_address>0x1731</load_address>
         <run_address>0x1731</run_address>
         <size>0x240</size>
         <input_file_ref idref="fl-c0"/>
      </object_component>
      <object_component id="oc-159">
         <name>.debug_info</name>
         <load_address>0x1971</load_address>
         <run_address>0x1971</run_address>
         <size>0x15b</size>
         <input_file_ref idref="fl-c0"/>
      </object_component>
      <object_component id="oc-15e">
         <name>.debug_info</name>
         <load_address>0x1acc</load_address>
         <run_address>0x1acc</run_address>
         <size>0x2b3</size>
         <input_file_ref idref="fl-c0"/>
      </object_component>
      <object_component id="oc-164">
         <name>.debug_info</name>
         <load_address>0x1d7f</load_address>
         <run_address>0x1d7f</run_address>
         <size>0x316</size>
         <input_file_ref idref="fl-c0"/>
      </object_component>
      <object_component id="oc-de">
         <name>.debug_info</name>
         <load_address>0x2095</load_address>
         <run_address>0x2095</run_address>
         <size>0x279</size>
         <input_file_ref idref="fl-c0"/>
      </object_component>
      <object_component id="oc-d8">
         <name>.debug_info</name>
         <load_address>0x230e</load_address>
         <run_address>0x230e</run_address>
         <size>0x280</size>
         <input_file_ref idref="fl-c0"/>
      </object_component>
      <object_component id="oc-150">
         <name>.debug_info</name>
         <load_address>0x258e</load_address>
         <run_address>0x258e</run_address>
         <size>0x18b</size>
         <input_file_ref idref="fl-c0"/>
      </object_component>
      <object_component id="oc-16b">
         <name>.debug_info</name>
         <load_address>0x2719</load_address>
         <run_address>0x2719</run_address>
         <size>0x1ed</size>
         <input_file_ref idref="fl-c3"/>
      </object_component>
      <object_component id="oc-f7">
         <name>.debug_info</name>
         <load_address>0x2906</load_address>
         <run_address>0x2906</run_address>
         <size>0x2f6</size>
         <input_file_ref idref="fl-c3"/>
      </object_component>
      <object_component id="oc-103">
         <name>.debug_info</name>
         <load_address>0x2bfc</load_address>
         <run_address>0x2bfc</run_address>
         <size>0x2c4</size>
         <input_file_ref idref="fl-c3"/>
      </object_component>
      <object_component id="oc-f1">
         <name>.debug_info</name>
         <load_address>0x2ec0</load_address>
         <run_address>0x2ec0</run_address>
         <size>0x2b6</size>
         <input_file_ref idref="fl-c3"/>
      </object_component>
      <object_component id="oc-109">
         <name>.debug_info</name>
         <load_address>0x3176</load_address>
         <run_address>0x3176</run_address>
         <size>0x276</size>
         <input_file_ref idref="fl-c3"/>
      </object_component>
      <object_component id="oc-e5">
         <name>.debug_info</name>
         <load_address>0x33ec</load_address>
         <run_address>0x33ec</run_address>
         <size>0x2b3</size>
         <input_file_ref idref="fl-c3"/>
      </object_component>
      <object_component id="oc-fe">
         <name>.debug_info</name>
         <load_address>0x369f</load_address>
         <run_address>0x369f</run_address>
         <size>0x2e4</size>
         <input_file_ref idref="fl-c3"/>
      </object_component>
      <object_component id="oc-155">
         <name>.debug_info</name>
         <load_address>0x3983</load_address>
         <run_address>0x3983</run_address>
         <size>0x298</size>
         <input_file_ref idref="fl-c4"/>
      </object_component>
      <object_component id="oc-16d">
         <name>.debug_info</name>
         <load_address>0x3c1b</load_address>
         <run_address>0x3c1b</run_address>
         <size>0x14d</size>
         <input_file_ref idref="fl-c4"/>
      </object_component>
      <object_component id="oc-d2">
         <name>.debug_info</name>
         <load_address>0x3d68</load_address>
         <run_address>0x3d68</run_address>
         <size>0x27d</size>
         <input_file_ref idref="fl-c4"/>
      </object_component>
      <object_component id="oc-cc">
         <name>.debug_info</name>
         <load_address>0x3fe5</load_address>
         <run_address>0x3fe5</run_address>
         <size>0x263</size>
         <input_file_ref idref="fl-c4"/>
      </object_component>
      <object_component id="oc-c8">
         <name>.debug_info</name>
         <load_address>0x4248</load_address>
         <run_address>0x4248</run_address>
         <size>0x2db</size>
         <input_file_ref idref="fl-c4"/>
      </object_component>
      <object_component id="oc-ec">
         <name>.debug_info</name>
         <load_address>0x4523</load_address>
         <run_address>0x4523</run_address>
         <size>0x2b5</size>
         <input_file_ref idref="fl-c4"/>
      </object_component>
      <object_component id="oc-197">
         <name>.debug_info</name>
         <load_address>0x47d8</load_address>
         <run_address>0x47d8</run_address>
         <size>0x5f</size>
         <input_file_ref idref="fl-c4"/>
      </object_component>
      <object_component id="oc-93">
         <name>.debug_info</name>
         <load_address>0x4837</load_address>
         <run_address>0x4837</run_address>
         <size>0x148</size>
         <input_file_ref idref="fl-ca"/>
      </object_component>
      <object_component id="oc-111">
         <name>.debug_info</name>
         <load_address>0x497f</load_address>
         <run_address>0x497f</run_address>
         <size>0x117</size>
         <input_file_ref idref="fl-cc"/>
      </object_component>
      <object_component id="oc-1ff">
         <name>.debug_info</name>
         <load_address>0x4a96</load_address>
         <run_address>0x4a96</run_address>
         <size>0xa0</size>
      </object_component>
      <object_component id="oc-14d">
         <name>.debug_line</name>
         <load_address>0x0</load_address>
         <run_address>0x0</run_address>
         <size>0xc3</size>
         <input_file_ref idref="fl-2"/>
      </object_component>
      <object_component id="oc-9c">
         <name>.debug_line</name>
         <load_address>0xc3</load_address>
         <run_address>0xc3</run_address>
         <size>0x58</size>
         <input_file_ref idref="fl-2"/>
      </object_component>
      <object_component id="oc-70">
         <name>.debug_line</name>
         <load_address>0x11b</load_address>
         <run_address>0x11b</run_address>
         <size>0x69</size>
         <input_file_ref idref="fl-2"/>
      </object_component>
      <object_component id="oc-b2">
         <name>.debug_line</name>
         <load_address>0x184</load_address>
         <run_address>0x184</run_address>
         <size>0x20</size>
         <input_file_ref idref="fl-2"/>
      </object_component>
      <object_component id="oc-ad">
         <name>.debug_line</name>
         <load_address>0x1a4</load_address>
         <run_address>0x1a4</run_address>
         <size>0x6d</size>
         <input_file_ref idref="fl-2"/>
      </object_component>
      <object_component id="oc-75">
         <name>.debug_line</name>
         <load_address>0x211</load_address>
         <run_address>0x211</run_address>
         <size>0x6a</size>
         <input_file_ref idref="fl-2"/>
      </object_component>
      <object_component id="oc-6c">
         <name>.debug_line</name>
         <load_address>0x27b</load_address>
         <run_address>0x27b</run_address>
         <size>0x41</size>
         <input_file_ref idref="fl-3"/>
      </object_component>
      <object_component id="oc-2b">
         <name>.debug_line</name>
         <load_address>0x2bc</load_address>
         <run_address>0x2bc</run_address>
         <size>0x41</size>
         <input_file_ref idref="fl-3"/>
      </object_component>
      <object_component id="oc-29">
         <name>.debug_line</name>
         <load_address>0x2fd</load_address>
         <run_address>0x2fd</run_address>
         <size>0xa1</size>
         <input_file_ref idref="fl-3"/>
      </object_component>
      <object_component id="oc-36">
         <name>.debug_line</name>
         <load_address>0x39e</load_address>
         <run_address>0x39e</run_address>
         <size>0x20</size>
         <input_file_ref idref="fl-3"/>
      </object_component>
      <object_component id="oc-69">
         <name>.debug_line</name>
         <load_address>0x3be</load_address>
         <run_address>0x3be</run_address>
         <size>0x33</size>
         <input_file_ref idref="fl-bf"/>
      </object_component>
      <object_component id="oc-55">
         <name>.debug_line</name>
         <load_address>0x3f1</load_address>
         <run_address>0x3f1</run_address>
         <size>0x55</size>
         <input_file_ref idref="fl-bf"/>
      </object_component>
      <object_component id="oc-19f">
         <name>.debug_line</name>
         <load_address>0x446</load_address>
         <run_address>0x446</run_address>
         <size>0x82</size>
         <input_file_ref idref="fl-c0"/>
      </object_component>
      <object_component id="oc-19d">
         <name>.debug_line</name>
         <load_address>0x4c8</load_address>
         <run_address>0x4c8</run_address>
         <size>0x7d</size>
         <input_file_ref idref="fl-c0"/>
      </object_component>
      <object_component id="oc-162">
         <name>.debug_line</name>
         <load_address>0x545</load_address>
         <run_address>0x545</run_address>
         <size>0x95</size>
         <input_file_ref idref="fl-c0"/>
      </object_component>
      <object_component id="oc-168">
         <name>.debug_line</name>
         <load_address>0x5da</load_address>
         <run_address>0x5da</run_address>
         <size>0xd1</size>
         <input_file_ref idref="fl-c0"/>
      </object_component>
      <object_component id="oc-e2">
         <name>.debug_line</name>
         <load_address>0x6ab</load_address>
         <run_address>0x6ab</run_address>
         <size>0x93</size>
         <input_file_ref idref="fl-c0"/>
      </object_component>
      <object_component id="oc-db">
         <name>.debug_line</name>
         <load_address>0x73e</load_address>
         <run_address>0x73e</run_address>
         <size>0xa7</size>
         <input_file_ref idref="fl-c0"/>
      </object_component>
      <object_component id="oc-153">
         <name>.debug_line</name>
         <load_address>0x7e5</load_address>
         <run_address>0x7e5</run_address>
         <size>0x69</size>
         <input_file_ref idref="fl-c0"/>
      </object_component>
      <object_component id="oc-1a3">
         <name>.debug_line</name>
         <load_address>0x84e</load_address>
         <run_address>0x84e</run_address>
         <size>0x82</size>
         <input_file_ref idref="fl-c3"/>
      </object_component>
      <object_component id="oc-f9">
         <name>.debug_line</name>
         <load_address>0x8d0</load_address>
         <run_address>0x8d0</run_address>
         <size>0x9e</size>
         <input_file_ref idref="fl-c3"/>
      </object_component>
      <object_component id="oc-105">
         <name>.debug_line</name>
         <load_address>0x96e</load_address>
         <run_address>0x96e</run_address>
         <size>0x95</size>
         <input_file_ref idref="fl-c3"/>
      </object_component>
      <object_component id="oc-f3">
         <name>.debug_line</name>
         <load_address>0xa03</load_address>
         <run_address>0xa03</run_address>
         <size>0x96</size>
         <input_file_ref idref="fl-c3"/>
      </object_component>
      <object_component id="oc-10b">
         <name>.debug_line</name>
         <load_address>0xa99</load_address>
         <run_address>0xa99</run_address>
         <size>0x91</size>
         <input_file_ref idref="fl-c3"/>
      </object_component>
      <object_component id="oc-e7">
         <name>.debug_line</name>
         <load_address>0xb2a</load_address>
         <run_address>0xb2a</run_address>
         <size>0x9b</size>
         <input_file_ref idref="fl-c3"/>
      </object_component>
      <object_component id="oc-100">
         <name>.debug_line</name>
         <load_address>0xbc5</load_address>
         <run_address>0xbc5</run_address>
         <size>0x94</size>
         <input_file_ref idref="fl-c3"/>
      </object_component>
      <object_component id="oc-196">
         <name>.debug_line</name>
         <load_address>0xc59</load_address>
         <run_address>0xc59</run_address>
         <size>0x13d</size>
         <input_file_ref idref="fl-c4"/>
      </object_component>
      <object_component id="oc-1a5">
         <name>.debug_line</name>
         <load_address>0xd96</load_address>
         <run_address>0xd96</run_address>
         <size>0x7f</size>
         <input_file_ref idref="fl-c4"/>
      </object_component>
      <object_component id="oc-d5">
         <name>.debug_line</name>
         <load_address>0xe15</load_address>
         <run_address>0xe15</run_address>
         <size>0x94</size>
         <input_file_ref idref="fl-c4"/>
      </object_component>
      <object_component id="oc-d0">
         <name>.debug_line</name>
         <load_address>0xea9</load_address>
         <run_address>0xea9</run_address>
         <size>0x94</size>
         <input_file_ref idref="fl-c4"/>
      </object_component>
      <object_component id="oc-ca">
         <name>.debug_line</name>
         <load_address>0xf3d</load_address>
         <run_address>0xf3d</run_address>
         <size>0xee</size>
         <input_file_ref idref="fl-c4"/>
      </object_component>
      <object_component id="oc-ee">
         <name>.debug_line</name>
         <load_address>0x102b</load_address>
         <run_address>0x102b</run_address>
         <size>0x11a</size>
         <input_file_ref idref="fl-c4"/>
      </object_component>
      <object_component id="oc-19a">
         <name>.debug_line</name>
         <load_address>0x1145</load_address>
         <run_address>0x1145</run_address>
         <size>0x7f</size>
         <input_file_ref idref="fl-c4"/>
      </object_component>
      <object_component id="oc-97">
         <name>.debug_line</name>
         <load_address>0x11c4</load_address>
         <run_address>0x11c4</run_address>
         <size>0x40</size>
         <input_file_ref idref="fl-ca"/>
      </object_component>
      <object_component id="oc-110">
         <name>.debug_line</name>
         <load_address>0x1204</load_address>
         <run_address>0x1204</run_address>
         <size>0x3c</size>
         <input_file_ref idref="fl-cc"/>
      </object_component>
      <object_component id="oc-9d">
         <name>.debug_frame</name>
         <load_address>0x0</load_address>
         <run_address>0x0</run_address>
         <size>0x64</size>
         <input_file_ref idref="fl-2"/>
      </object_component>
      <object_component id="oc-28">
         <name>.debug_frame</name>
         <load_address>0x64</load_address>
         <run_address>0x64</run_address>
         <size>0x90</size>
         <input_file_ref idref="fl-3"/>
      </object_component>
      <object_component id="oc-54">
         <name>.debug_frame</name>
         <load_address>0xf4</load_address>
         <run_address>0xf4</run_address>
         <size>0x58</size>
         <input_file_ref idref="fl-bf"/>
      </object_component>
      <object_component id="oc-161">
         <name>.debug_frame</name>
         <load_address>0x1f4</load_address>
         <run_address>0x1f4</run_address>
         <size>0x7f</size>
         <input_file_ref idref="fl-c0"/>
      </object_component>
      <object_component id="oc-167">
         <name>.debug_frame</name>
         <load_address>0x273</load_address>
         <run_address>0x273</run_address>
         <size>0x8f</size>
         <input_file_ref idref="fl-c0"/>
      </object_component>
      <object_component id="oc-e1">
         <name>.debug_frame</name>
         <load_address>0x302</load_address>
         <run_address>0x302</run_address>
         <size>0x86</size>
         <input_file_ref idref="fl-c0"/>
      </object_component>
      <object_component id="oc-dc">
         <name>.debug_frame</name>
         <load_address>0x388</load_address>
         <run_address>0x388</run_address>
         <size>0x86</size>
         <input_file_ref idref="fl-c0"/>
      </object_component>
      <object_component id="oc-fa">
         <name>.debug_frame</name>
         <load_address>0x40e</load_address>
         <run_address>0x40e</run_address>
         <size>0x7f</size>
         <input_file_ref idref="fl-c3"/>
      </object_component>
      <object_component id="oc-106">
         <name>.debug_frame</name>
         <load_address>0x48d</load_address>
         <run_address>0x48d</run_address>
         <size>0x7f</size>
         <input_file_ref idref="fl-c3"/>
      </object_component>
      <object_component id="oc-f4">
         <name>.debug_frame</name>
         <load_address>0x50c</load_address>
         <run_address>0x50c</run_address>
         <size>0x7f</size>
         <input_file_ref idref="fl-c3"/>
      </object_component>
      <object_component id="oc-10c">
         <name>.debug_frame</name>
         <load_address>0x58b</load_address>
         <run_address>0x58b</run_address>
         <size>0x7f</size>
         <input_file_ref idref="fl-c3"/>
      </object_component>
      <object_component id="oc-e8">
         <name>.debug_frame</name>
         <load_address>0x60a</load_address>
         <run_address>0x60a</run_address>
         <size>0x7f</size>
         <input_file_ref idref="fl-c3"/>
      </object_component>
      <object_component id="oc-fd">
         <name>.debug_frame</name>
         <load_address>0x689</load_address>
         <run_address>0x689</run_address>
         <size>0x7f</size>
         <input_file_ref idref="fl-c3"/>
      </object_component>
      <object_component id="oc-d6">
         <name>.debug_frame</name>
         <load_address>0x708</load_address>
         <run_address>0x708</run_address>
         <size>0x7f</size>
         <input_file_ref idref="fl-c4"/>
      </object_component>
      <object_component id="oc-cf">
         <name>.debug_frame</name>
         <load_address>0x787</load_address>
         <run_address>0x787</run_address>
         <size>0x7f</size>
         <input_file_ref idref="fl-c4"/>
      </object_component>
      <object_component id="oc-c6">
         <name>.debug_frame</name>
         <load_address>0x806</load_address>
         <run_address>0x806</run_address>
         <size>0x93</size>
         <input_file_ref idref="fl-c4"/>
      </object_component>
      <object_component id="oc-ea">
         <name>.debug_frame</name>
         <load_address>0x899</load_address>
         <run_address>0x899</run_address>
         <size>0x8e</size>
         <input_file_ref idref="fl-c4"/>
      </object_component>
      <object_component id="oc-96">
         <name>.debug_frame</name>
         <load_address>0x14c</load_address>
         <run_address>0x14c</run_address>
         <size>0x54</size>
         <input_file_ref idref="fl-ca"/>
      </object_component>
      <object_component id="oc-10f">
         <name>.debug_frame</name>
         <load_address>0x1a0</load_address>
         <run_address>0x1a0</run_address>
         <size>0x54</size>
         <input_file_ref idref="fl-cc"/>
      </object_component>
      <object_component id="oc-14c">
         <name>.debug_abbrev</name>
         <load_address>0x0</load_address>
         <run_address>0x0</run_address>
         <size>0x70</size>
         <input_file_ref idref="fl-2"/>
      </object_component>
      <object_component id="oc-10d">
         <name>.debug_abbrev</name>
         <load_address>0x70</load_address>
         <run_address>0x70</run_address>
         <size>0x62</size>
         <input_file_ref idref="fl-2"/>
      </object_component>
      <object_component id="oc-6f">
         <name>.debug_abbrev</name>
         <load_address>0xd2</load_address>
         <run_address>0xd2</run_address>
         <size>0x69</size>
         <input_file_ref idref="fl-2"/>
      </object_component>
      <object_component id="oc-b1">
         <name>.debug_abbrev</name>
         <load_address>0x13b</load_address>
         <run_address>0x13b</run_address>
         <size>0x1f</size>
         <input_file_ref idref="fl-2"/>
      </object_component>
      <object_component id="oc-ac">
         <name>.debug_abbrev</name>
         <load_address>0x15a</load_address>
         <run_address>0x15a</run_address>
         <size>0x5c</size>
         <input_file_ref idref="fl-2"/>
      </object_component>
      <object_component id="oc-74">
         <name>.debug_abbrev</name>
         <load_address>0x1b6</load_address>
         <run_address>0x1b6</run_address>
         <size>0x24</size>
         <input_file_ref idref="fl-2"/>
      </object_component>
      <object_component id="oc-6b">
         <name>.debug_abbrev</name>
         <load_address>0x1da</load_address>
         <run_address>0x1da</run_address>
         <size>0x68</size>
         <input_file_ref idref="fl-3"/>
      </object_component>
      <object_component id="oc-2a">
         <name>.debug_abbrev</name>
         <load_address>0x242</load_address>
         <run_address>0x242</run_address>
         <size>0x29</size>
         <input_file_ref idref="fl-3"/>
      </object_component>
      <object_component id="oc-6a">
         <name>.debug_abbrev</name>
         <load_address>0x26b</load_address>
         <run_address>0x26b</run_address>
         <size>0x79</size>
         <input_file_ref idref="fl-3"/>
      </object_component>
      <object_component id="oc-35">
         <name>.debug_abbrev</name>
         <load_address>0x2e4</load_address>
         <run_address>0x2e4</run_address>
         <size>0x1f</size>
         <input_file_ref idref="fl-3"/>
      </object_component>
      <object_component id="oc-68">
         <name>.debug_abbrev</name>
         <load_address>0x303</load_address>
         <run_address>0x303</run_address>
         <size>0x29</size>
         <input_file_ref idref="fl-bf"/>
      </object_component>
      <object_component id="oc-9f">
         <name>.debug_abbrev</name>
         <load_address>0x32c</load_address>
         <run_address>0x32c</run_address>
         <size>0x61</size>
         <input_file_ref idref="fl-bf"/>
      </object_component>
      <object_component id="oc-19e">
         <name>.debug_abbrev</name>
         <load_address>0x38d</load_address>
         <run_address>0x38d</run_address>
         <size>0x72</size>
         <input_file_ref idref="fl-c0"/>
      </object_component>
      <object_component id="oc-19c">
         <name>.debug_abbrev</name>
         <load_address>0x3ff</load_address>
         <run_address>0x3ff</run_address>
         <size>0x27</size>
         <input_file_ref idref="fl-c0"/>
      </object_component>
      <object_component id="oc-1a0">
         <name>.debug_abbrev</name>
         <load_address>0x426</load_address>
         <run_address>0x426</run_address>
         <size>0x6c</size>
         <input_file_ref idref="fl-c0"/>
      </object_component>
      <object_component id="oc-1a1">
         <name>.debug_abbrev</name>
         <load_address>0x492</load_address>
         <run_address>0x492</run_address>
         <size>0x6c</size>
         <input_file_ref idref="fl-c0"/>
      </object_component>
      <object_component id="oc-169">
         <name>.debug_abbrev</name>
         <load_address>0x4fe</load_address>
         <run_address>0x4fe</run_address>
         <size>0x6c</size>
         <input_file_ref idref="fl-c0"/>
      </object_component>
      <object_component id="oc-15b">
         <name>.debug_abbrev</name>
         <load_address>0x56a</load_address>
         <run_address>0x56a</run_address>
         <size>0x6c</size>
         <input_file_ref idref="fl-c0"/>
      </object_component>
      <object_component id="oc-152">
         <name>.debug_abbrev</name>
         <load_address>0x5d6</load_address>
         <run_address>0x5d6</run_address>
         <size>0x35</size>
         <input_file_ref idref="fl-c0"/>
      </object_component>
      <object_component id="oc-1a2">
         <name>.debug_abbrev</name>
         <load_address>0x60b</load_address>
         <run_address>0x60b</run_address>
         <size>0x5e</size>
         <input_file_ref idref="fl-c3"/>
      </object_component>
      <object_component id="oc-171">
         <name>.debug_abbrev</name>
         <load_address>0x669</load_address>
         <run_address>0x669</run_address>
         <size>0x6c</size>
         <input_file_ref idref="fl-c3"/>
      </object_component>
      <object_component id="oc-173">
         <name>.debug_abbrev</name>
         <load_address>0x6d5</load_address>
         <run_address>0x6d5</run_address>
         <size>0x6c</size>
         <input_file_ref idref="fl-c3"/>
      </object_component>
      <object_component id="oc-170">
         <name>.debug_abbrev</name>
         <load_address>0x741</load_address>
         <run_address>0x741</run_address>
         <size>0x6c</size>
         <input_file_ref idref="fl-c3"/>
      </object_component>
      <object_component id="oc-174">
         <name>.debug_abbrev</name>
         <load_address>0x7ad</load_address>
         <run_address>0x7ad</run_address>
         <size>0x6c</size>
         <input_file_ref idref="fl-c3"/>
      </object_component>
      <object_component id="oc-16a">
         <name>.debug_abbrev</name>
         <load_address>0x819</load_address>
         <run_address>0x819</run_address>
         <size>0x6c</size>
         <input_file_ref idref="fl-c3"/>
      </object_component>
      <object_component id="oc-172">
         <name>.debug_abbrev</name>
         <load_address>0x885</load_address>
         <run_address>0x885</run_address>
         <size>0x6c</size>
         <input_file_ref idref="fl-c3"/>
      </object_component>
      <object_component id="oc-195">
         <name>.debug_abbrev</name>
         <load_address>0x8f1</load_address>
         <run_address>0x8f1</run_address>
         <size>0xb0</size>
         <input_file_ref idref="fl-c4"/>
      </object_component>
      <object_component id="oc-1a4">
         <name>.debug_abbrev</name>
         <load_address>0x9a1</load_address>
         <run_address>0x9a1</run_address>
         <size>0x27</size>
         <input_file_ref idref="fl-c4"/>
      </object_component>
      <object_component id="oc-157">
         <name>.debug_abbrev</name>
         <load_address>0x9c8</load_address>
         <run_address>0x9c8</run_address>
         <size>0x6c</size>
         <input_file_ref idref="fl-c4"/>
      </object_component>
      <object_component id="oc-156">
         <name>.debug_abbrev</name>
         <load_address>0xa34</load_address>
         <run_address>0xa34</run_address>
         <size>0x6c</size>
         <input_file_ref idref="fl-c4"/>
      </object_component>
      <object_component id="oc-14f">
         <name>.debug_abbrev</name>
         <load_address>0xaa0</load_address>
         <run_address>0xaa0</run_address>
         <size>0x7a</size>
         <input_file_ref idref="fl-c4"/>
      </object_component>
      <object_component id="oc-16f">
         <name>.debug_abbrev</name>
         <load_address>0xb1a</load_address>
         <run_address>0xb1a</run_address>
         <size>0x60</size>
         <input_file_ref idref="fl-c4"/>
      </object_component>
      <object_component id="oc-199">
         <name>.debug_abbrev</name>
         <load_address>0xb7a</load_address>
         <run_address>0xb7a</run_address>
         <size>0x49</size>
         <input_file_ref idref="fl-c4"/>
      </object_component>
      <object_component id="oc-c4">
         <name>.debug_abbrev</name>
         <load_address>0xbc3</load_address>
         <run_address>0xbc3</run_address>
         <size>0x55</size>
         <input_file_ref idref="fl-ca"/>
      </object_component>
      <object_component id="oc-175">
         <name>.debug_abbrev</name>
         <load_address>0xc18</load_address>
         <run_address>0xc18</run_address>
         <size>0x45</size>
         <input_file_ref idref="fl-cc"/>
      </object_component>
      <object_component id="oc-200">
         <name>.debug_abbrev</name>
         <load_address>0xc5d</load_address>
         <run_address>0xc5d</run_address>
         <size>0xf</size>
      </object_component>
      <object_component id="oc-71">
         <name>.debug_str</name>
         <load_address>0x0</load_address>
         <run_address>0x0</run_address>
         <size>0x2a8</size>
         <input_file_ref idref="fl-2"/>
      </object_component>
      <object_component id="oc-b3">
         <name>.debug_str</name>
         <load_address>0x2a8</load_address>
         <run_address>0x2a8</run_address>
         <size>0xfa</size>
         <input_file_ref idref="fl-2"/>
      </object_component>
      <object_component id="oc-ae">
         <name>.debug_str</name>
         <load_address>0x3a2</load_address>
         <run_address>0x3a2</run_address>
         <size>0x337</size>
         <input_file_ref idref="fl-2"/>
      </object_component>
      <object_component id="oc-76">
         <name>.debug_str</name>
         <load_address>0x6d9</load_address>
         <run_address>0x6d9</run_address>
         <size>0x140</size>
         <input_file_ref idref="fl-2"/>
      </object_component>
      <object_component id="oc-37">
         <name>.debug_str</name>
         <load_address>0x819</load_address>
         <run_address>0x819</run_address>
         <size>0xfa</size>
         <input_file_ref idref="fl-3"/>
      </object_component>
      <object_component id="oc-154">
         <name>.debug_str</name>
         <load_address>0x913</load_address>
         <run_address>0x913</run_address>
         <size>0x241</size>
         <input_file_ref idref="fl-c0"/>
      </object_component>
      <object_component id="oc-19b">
         <name>.debug_str</name>
         <load_address>0xb54</load_address>
         <run_address>0xb54</run_address>
         <size>0x141</size>
         <input_file_ref idref="fl-c4"/>
      </object_component>
      <object_component id="oc-9a">
         <name>.debug_aranges</name>
         <load_address>0x0</load_address>
         <run_address>0x0</run_address>
         <size>0x20</size>
         <input_file_ref idref="fl-2"/>
      </object_component>
      <object_component id="oc-26">
         <name>.debug_aranges</name>
         <load_address>0x20</load_address>
         <run_address>0x20</run_address>
         <size>0x38</size>
         <input_file_ref idref="fl-3"/>
      </object_component>
      <object_component id="oc-53">
         <name>.debug_aranges</name>
         <load_address>0x58</load_address>
         <run_address>0x58</run_address>
         <size>0x20</size>
         <input_file_ref idref="fl-bf"/>
      </object_component>
      <object_component id="oc-15f">
         <name>.debug_aranges</name>
         <load_address>0x78</load_address>
         <run_address>0x78</run_address>
         <size>0x20</size>
         <input_file_ref idref="fl-c0"/>
      </object_component>
      <object_component id="oc-165">
         <name>.debug_aranges</name>
         <load_address>0x98</load_address>
         <run_address>0x98</run_address>
         <size>0x20</size>
         <input_file_ref idref="fl-c0"/>
      </object_component>
      <object_component id="oc-df">
         <name>.debug_aranges</name>
         <load_address>0xb8</load_address>
         <run_address>0xb8</run_address>
         <size>0x20</size>
         <input_file_ref idref="fl-c0"/>
      </object_component>
      <object_component id="oc-d9">
         <name>.debug_aranges</name>
         <load_address>0xd8</load_address>
         <run_address>0xd8</run_address>
         <size>0x20</size>
         <input_file_ref idref="fl-c0"/>
      </object_component>
      <object_component id="oc-f6">
         <name>.debug_aranges</name>
         <load_address>0xf8</load_address>
         <run_address>0xf8</run_address>
         <size>0x20</size>
         <input_file_ref idref="fl-c3"/>
      </object_component>
      <object_component id="oc-102">
         <name>.debug_aranges</name>
         <load_address>0x118</load_address>
         <run_address>0x118</run_address>
         <size>0x20</size>
         <input_file_ref idref="fl-c3"/>
      </object_component>
      <object_component id="oc-f0">
         <name>.debug_aranges</name>
         <load_address>0x138</load_address>
         <run_address>0x138</run_address>
         <size>0x20</size>
         <input_file_ref idref="fl-c3"/>
      </object_component>
      <object_component id="oc-108">
         <name>.debug_aranges</name>
         <load_address>0x158</load_address>
         <run_address>0x158</run_address>
         <size>0x20</size>
         <input_file_ref idref="fl-c3"/>
      </object_component>
      <object_component id="oc-e4">
         <name>.debug_aranges</name>
         <load_address>0x178</load_address>
         <run_address>0x178</run_address>
         <size>0x20</size>
         <input_file_ref idref="fl-c3"/>
      </object_component>
      <object_component id="oc-fc">
         <name>.debug_aranges</name>
         <load_address>0x198</load_address>
         <run_address>0x198</run_address>
         <size>0x20</size>
         <input_file_ref idref="fl-c3"/>
      </object_component>
      <object_component id="oc-d3">
         <name>.debug_aranges</name>
         <load_address>0x1b8</load_address>
         <run_address>0x1b8</run_address>
         <size>0x20</size>
         <input_file_ref idref="fl-c4"/>
      </object_component>
      <object_component id="oc-cd">
         <name>.debug_aranges</name>
         <load_address>0x1d8</load_address>
         <run_address>0x1d8</run_address>
         <size>0x20</size>
         <input_file_ref idref="fl-c4"/>
      </object_component>
      <object_component id="oc-c7">
         <name>.debug_aranges</name>
         <load_address>0x1f8</load_address>
         <run_address>0x1f8</run_address>
         <size>0x20</size>
         <input_file_ref idref="fl-c4"/>
      </object_component>
      <object_component id="oc-eb">
         <name>.debug_aranges</name>
         <load_address>0x218</load_address>
         <run_address>0x218</run_address>
         <size>0x20</size>
         <input_file_ref idref="fl-c4"/>
      </object_component>
      <object_component id="oc-94">
         <name>.debug_aranges</name>
         <load_address>0x238</load_address>
         <run_address>0x238</run_address>
         <size>0x20</size>
         <input_file_ref idref="fl-ca"/>
      </object_component>
      <object_component id="oc-113">
         <name>.debug_aranges</name>
         <load_address>0x258</load_address>
         <run_address>0x258</run_address>
         <size>0x20</size>
         <input_file_ref idref="fl-cc"/>
      </object_component>
      <object_component id="oc-9b">
         <name>.debug_pubnames</name>
         <load_address>0x0</load_address>
         <run_address>0x0</run_address>
         <size>0x1b</size>
         <input_file_ref idref="fl-2"/>
      </object_component>
      <object_component id="oc-11">
         <name>.debug_pubnames</name>
         <load_address>0x1b</load_address>
         <run_address>0x1b</run_address>
         <size>0x23</size>
         <input_file_ref idref="fl-3"/>
      </object_component>
      <object_component id="oc-27">
         <name>.debug_pubnames</name>
         <load_address>0x3e</load_address>
         <run_address>0x3e</run_address>
         <size>0x4c</size>
         <input_file_ref idref="fl-3"/>
      </object_component>
      <object_component id="oc-23">
         <name>.debug_pubnames</name>
         <load_address>0x8a</load_address>
         <run_address>0x8a</run_address>
         <size>0x1e</size>
         <input_file_ref idref="fl-bf"/>
      </object_component>
      <object_component id="oc-52">
         <name>.debug_pubnames</name>
         <load_address>0xa8</load_address>
         <run_address>0xa8</run_address>
         <size>0x2d</size>
         <input_file_ref idref="fl-bf"/>
      </object_component>
      <object_component id="oc-15a">
         <name>.debug_pubnames</name>
         <load_address>0xd5</load_address>
         <run_address>0xd5</run_address>
         <size>0x2b</size>
         <input_file_ref idref="fl-c0"/>
      </object_component>
      <object_component id="oc-160">
         <name>.debug_pubnames</name>
         <load_address>0x100</load_address>
         <run_address>0x100</run_address>
         <size>0x25</size>
         <input_file_ref idref="fl-c0"/>
      </object_component>
      <object_component id="oc-166">
         <name>.debug_pubnames</name>
         <load_address>0x125</load_address>
         <run_address>0x125</run_address>
         <size>0x27</size>
         <input_file_ref idref="fl-c0"/>
      </object_component>
      <object_component id="oc-e0">
         <name>.debug_pubnames</name>
         <load_address>0x14c</load_address>
         <run_address>0x14c</run_address>
         <size>0x25</size>
         <input_file_ref idref="fl-c0"/>
      </object_component>
      <object_component id="oc-da">
         <name>.debug_pubnames</name>
         <load_address>0x171</load_address>
         <run_address>0x171</run_address>
         <size>0x27</size>
         <input_file_ref idref="fl-c0"/>
      </object_component>
      <object_component id="oc-f8">
         <name>.debug_pubnames</name>
         <load_address>0x198</load_address>
         <run_address>0x198</run_address>
         <size>0x27</size>
         <input_file_ref idref="fl-c3"/>
      </object_component>
      <object_component id="oc-104">
         <name>.debug_pubnames</name>
         <load_address>0x1bf</load_address>
         <run_address>0x1bf</run_address>
         <size>0x25</size>
         <input_file_ref idref="fl-c3"/>
      </object_component>
      <object_component id="oc-f2">
         <name>.debug_pubnames</name>
         <load_address>0x1e4</load_address>
         <run_address>0x1e4</run_address>
         <size>0x26</size>
         <input_file_ref idref="fl-c3"/>
      </object_component>
      <object_component id="oc-10a">
         <name>.debug_pubnames</name>
         <load_address>0x20a</load_address>
         <run_address>0x20a</run_address>
         <size>0x23</size>
         <input_file_ref idref="fl-c3"/>
      </object_component>
      <object_component id="oc-e6">
         <name>.debug_pubnames</name>
         <load_address>0x22d</load_address>
         <run_address>0x22d</run_address>
         <size>0x26</size>
         <input_file_ref idref="fl-c3"/>
      </object_component>
      <object_component id="oc-ff">
         <name>.debug_pubnames</name>
         <load_address>0x253</load_address>
         <run_address>0x253</run_address>
         <size>0x28</size>
         <input_file_ref idref="fl-c3"/>
      </object_component>
      <object_component id="oc-16e">
         <name>.debug_pubnames</name>
         <load_address>0x27b</load_address>
         <run_address>0x27b</run_address>
         <size>0x23</size>
         <input_file_ref idref="fl-c4"/>
      </object_component>
      <object_component id="oc-d4">
         <name>.debug_pubnames</name>
         <load_address>0x29e</load_address>
         <run_address>0x29e</run_address>
         <size>0x2d</size>
         <input_file_ref idref="fl-c4"/>
      </object_component>
      <object_component id="oc-ce">
         <name>.debug_pubnames</name>
         <load_address>0x2cb</load_address>
         <run_address>0x2cb</run_address>
         <size>0x28</size>
         <input_file_ref idref="fl-c4"/>
      </object_component>
      <object_component id="oc-c9">
         <name>.debug_pubnames</name>
         <load_address>0x2f3</load_address>
         <run_address>0x2f3</run_address>
         <size>0x25</size>
         <input_file_ref idref="fl-c4"/>
      </object_component>
      <object_component id="oc-ed">
         <name>.debug_pubnames</name>
         <load_address>0x318</load_address>
         <run_address>0x318</run_address>
         <size>0x25</size>
         <input_file_ref idref="fl-c4"/>
      </object_component>
      <object_component id="oc-95">
         <name>.debug_pubnames</name>
         <load_address>0x33d</load_address>
         <run_address>0x33d</run_address>
         <size>0x27</size>
         <input_file_ref idref="fl-ca"/>
      </object_component>
      <object_component id="oc-112">
         <name>.debug_pubnames</name>
         <load_address>0x364</load_address>
         <run_address>0x364</run_address>
         <size>0x1c</size>
         <input_file_ref idref="fl-cc"/>
      </object_component>
      <object_component id="oc-6e">
         <name>.debug_pubtypes</name>
         <load_address>0x0</load_address>
         <run_address>0x0</run_address>
         <size>0x25c</size>
         <input_file_ref idref="fl-2"/>
      </object_component>
      <object_component id="oc-b0">
         <name>.debug_pubtypes</name>
         <load_address>0x25c</load_address>
         <run_address>0x25c</run_address>
         <size>0xff</size>
         <input_file_ref idref="fl-2"/>
      </object_component>
      <object_component id="oc-ab">
         <name>.debug_pubtypes</name>
         <load_address>0x35b</load_address>
         <run_address>0x35b</run_address>
         <size>0x325</size>
         <input_file_ref idref="fl-2"/>
      </object_component>
      <object_component id="oc-73">
         <name>.debug_pubtypes</name>
         <load_address>0x680</load_address>
         <run_address>0x680</run_address>
         <size>0xaa</size>
         <input_file_ref idref="fl-2"/>
      </object_component>
      <object_component id="oc-34">
         <name>.debug_pubtypes</name>
         <load_address>0x72a</load_address>
         <run_address>0x72a</run_address>
         <size>0xed</size>
         <input_file_ref idref="fl-3"/>
      </object_component>
      <object_component id="oc-151">
         <name>.debug_pubtypes</name>
         <load_address>0x817</load_address>
         <run_address>0x817</run_address>
         <size>0x1c6</size>
         <input_file_ref idref="fl-c0"/>
      </object_component>
      <object_component id="oc-198">
         <name>.debug_pubtypes</name>
         <load_address>0x9dd</load_address>
         <run_address>0x9dd</run_address>
         <size>0x28</size>
         <input_file_ref idref="fl-c4"/>
      </object_component>
   </object_component_list>
   <logical_group_list>
      <logical_group id="lg-3" display="no" color="cyan">
         <name>.intvecs</name>
         <load_address>0x0</load_address>
         <run_address>0x0</run_address>
         <size>0x26c</size>
         <contents>
            <object_component_ref idref="oc-f"/>
         </contents>
      </logical_group>
      <logical_group id="lg-4" display="no" color="cyan">
         <name>.text</name>
         <load_address>0x26c</load_address>
         <run_address>0x26c</run_address>
         <size>0x5b2</size>
         <contents>
            <object_component_ref idref="oc-163"/>
            <object_component_ref idref="oc-e9"/>
            <object_component_ref idref="oc-c5"/>
            <object_component_ref idref="oc-98"/>
            <object_component_ref idref="oc-d7"/>
            <object_component_ref idref="oc-d1"/>
            <object_component_ref idref="oc-50"/>
            <object_component_ref idref="oc-15d"/>
            <object_component_ref idref="oc-e3"/>
            <object_component_ref idref="oc-f5"/>
            <object_component_ref idref="oc-cb"/>
            <object_component_ref idref="oc-dd"/>
            <object_component_ref idref="oc-101"/>
            <object_component_ref idref="oc-fb"/>
            <object_component_ref idref="oc-ef"/>
            <object_component_ref idref="oc-107"/>
            <object_component_ref idref="oc-24"/>
            <object_component_ref idref="oc-14e"/>
            <object_component_ref idref="oc-92"/>
            <object_component_ref idref="oc-10e"/>
         </contents>
      </logical_group>
      <logical_group id="lg-5" display="no" color="cyan">
         <name>.const</name>
         <load_address>0x820</load_address>
         <run_address>0x820</run_address>
         <size>0xfc</size>
         <contents>
            <object_component_ref idref="oc-158"/>
            <object_component_ref idref="oc-16c"/>
         </contents>
      </logical_group>
      <logical_group id="lg-6" display="no" color="cyan">
         <name>.cinit</name>
         <run_address>0x0</run_address>
         <size>0x0</size>
         <contents>
         </contents>
      </logical_group>
      <logical_group id="lg-7" display="no" color="cyan">
         <name>.pinit</name>
         <run_address>0x0</run_address>
         <size>0x0</size>
         <contents>
         </contents>
      </logical_group>
      <logical_group id="lg-8" display="no" color="cyan">
         <name>.init_array</name>
         <run_address>0x0</run_address>
         <size>0x0</size>
         <contents>
         </contents>
      </logical_group>
      <logical_group id="lg-9" display="no" color="cyan">
         <name>.vtable</name>
         <run_address>0x0</run_address>
         <size>0x0</size>
         <contents>
         </contents>
      </logical_group>
      <logical_group id="lg-a" display="no" color="cyan">
         <name>.data</name>
         <run_address>0x0</run_address>
         <size>0x0</size>
         <contents>
         </contents>
      </logical_group>
      <logical_group id="lg-b" display="no" color="cyan">
         <name>.bss</name>
         <run_address>0x0</run_address>
         <size>0x0</size>
         <contents>
         </contents>
      </logical_group>
      <logical_group id="lg-c" display="no" color="cyan">
         <name>.sysmem</name>
         <run_address>0x0</run_address>
         <size>0x0</size>
         <contents>
         </contents>
      </logical_group>
      <logical_group id="lg-d" display="no" color="cyan">
         <name>.stack</name>
         <run_address>0x20000000</run_address>
         <size>0x200</size>
         <contents>
            <object_component_ref idref="oc-21"/>
            <object_component_ref idref="oc-1fe"/>
         </contents>
      </logical_group>
      <logical_group id="lg-1d6" display="no" color="cyan">
         <name>.TI.noinit</name>
         <run_address>0x0</run_address>
         <size>0x0</size>
         <contents>
         </contents>
      </logical_group>
      <logical_group id="lg-1d7" display="no" color="cyan">
         <name>.TI.persistent</name>
         <run_address>0x0</run_address>
         <size>0x0</size>
         <contents>
         </contents>
      </logical_group>
      <logical_group id="lg-1e5" display="never" color="cyan">
         <name>.debug_info</name>
         <load_address>0x0</load_address>
         <run_address>0x0</run_address>
         <size>0x4b36</size>
         <contents>
            <object_component_ref idref="oc-b4"/>
            <object_component_ref idref="oc-99"/>
            <object_component_ref idref="oc-6d"/>
            <object_component_ref idref="oc-af"/>
            <object_component_ref idref="oc-aa"/>
            <object_component_ref idref="oc-72"/>
            <object_component_ref idref="oc-2c"/>
            <object_component_ref idref="oc-10"/>
            <object_component_ref idref="oc-25"/>
            <object_component_ref idref="oc-33"/>
            <object_component_ref idref="oc-22"/>
            <object_component_ref idref="oc-51"/>
            <object_component_ref idref="oc-15c"/>
            <object_component_ref idref="oc-159"/>
            <object_component_ref idref="oc-15e"/>
            <object_component_ref idref="oc-164"/>
            <object_component_ref idref="oc-de"/>
            <object_component_ref idref="oc-d8"/>
            <object_component_ref idref="oc-150"/>
            <object_component_ref idref="oc-16b"/>
            <object_component_ref idref="oc-f7"/>
            <object_component_ref idref="oc-103"/>
            <object_component_ref idref="oc-f1"/>
            <object_component_ref idref="oc-109"/>
            <object_component_ref idref="oc-e5"/>
            <object_component_ref idref="oc-fe"/>
            <object_component_ref idref="oc-155"/>
            <object_component_ref idref="oc-16d"/>
            <object_component_ref idref="oc-d2"/>
            <object_component_ref idref="oc-cc"/>
            <object_component_ref idref="oc-c8"/>
            <object_component_ref idref="oc-ec"/>
            <object_component_ref idref="oc-197"/>
            <object_component_ref idref="oc-93"/>
            <object_component_ref idref="oc-111"/>
            <object_component_ref idref="oc-1ff"/>
         </contents>
      </logical_group>
      <logical_group id="lg-1e7" display="never" color="cyan">
         <name>.debug_line</name>
         <load_address>0x0</load_address>
         <run_address>0x0</run_address>
         <size>0x1240</size>
         <contents>
            <object_component_ref idref="oc-14d"/>
            <object_component_ref idref="oc-9c"/>
            <object_component_ref idref="oc-70"/>
            <object_component_ref idref="oc-b2"/>
            <object_component_ref idref="oc-ad"/>
            <object_component_ref idref="oc-75"/>
            <object_component_ref idref="oc-6c"/>
            <object_component_ref idref="oc-2b"/>
            <object_component_ref idref="oc-29"/>
            <object_component_ref idref="oc-36"/>
            <object_component_ref idref="oc-69"/>
            <object_component_ref idref="oc-55"/>
            <object_component_ref idref="oc-19f"/>
            <object_component_ref idref="oc-19d"/>
            <object_component_ref idref="oc-162"/>
            <object_component_ref idref="oc-168"/>
            <object_component_ref idref="oc-e2"/>
            <object_component_ref idref="oc-db"/>
            <object_component_ref idref="oc-153"/>
            <object_component_ref idref="oc-1a3"/>
            <object_component_ref idref="oc-f9"/>
            <object_component_ref idref="oc-105"/>
            <object_component_ref idref="oc-f3"/>
            <object_component_ref idref="oc-10b"/>
            <object_component_ref idref="oc-e7"/>
            <object_component_ref idref="oc-100"/>
            <object_component_ref idref="oc-196"/>
            <object_component_ref idref="oc-1a5"/>
            <object_component_ref idref="oc-d5"/>
            <object_component_ref idref="oc-d0"/>
            <object_component_ref idref="oc-ca"/>
            <object_component_ref idref="oc-ee"/>
            <object_component_ref idref="oc-19a"/>
            <object_component_ref idref="oc-97"/>
            <object_component_ref idref="oc-110"/>
         </contents>
      </logical_group>
      <logical_group id="lg-1e9" display="never" color="cyan">
         <name>.debug_frame</name>
         <load_address>0x0</load_address>
         <run_address>0x0</run_address>
         <size>0x927</size>
         <contents>
            <object_component_ref idref="oc-9d"/>
            <object_component_ref idref="oc-28"/>
            <object_component_ref idref="oc-54"/>
            <object_component_ref idref="oc-161"/>
            <object_component_ref idref="oc-167"/>
            <object_component_ref idref="oc-e1"/>
            <object_component_ref idref="oc-dc"/>
            <object_component_ref idref="oc-fa"/>
            <object_component_ref idref="oc-106"/>
            <object_component_ref idref="oc-f4"/>
            <object_component_ref idref="oc-10c"/>
            <object_component_ref idref="oc-e8"/>
            <object_component_ref idref="oc-fd"/>
            <object_component_ref idref="oc-d6"/>
            <object_component_ref idref="oc-cf"/>
            <object_component_ref idref="oc-c6"/>
            <object_component_ref idref="oc-ea"/>
            <object_component_ref idref="oc-96"/>
            <object_component_ref idref="oc-10f"/>
         </contents>
      </logical_group>
      <logical_group id="lg-1eb" display="never" color="cyan">
         <name>.debug_abbrev</name>
         <load_address>0x0</load_address>
         <run_address>0x0</run_address>
         <size>0xc6c</size>
         <contents>
            <object_component_ref idref="oc-14c"/>
            <object_component_ref idref="oc-10d"/>
            <object_component_ref idref="oc-6f"/>
            <object_component_ref idref="oc-b1"/>
            <object_component_ref idref="oc-ac"/>
            <object_component_ref idref="oc-74"/>
            <object_component_ref idref="oc-6b"/>
            <object_component_ref idref="oc-2a"/>
            <object_component_ref idref="oc-6a"/>
            <object_component_ref idref="oc-35"/>
            <object_component_ref idref="oc-68"/>
            <object_component_ref idref="oc-9f"/>
            <object_component_ref idref="oc-19e"/>
            <object_component_ref idref="oc-19c"/>
            <object_component_ref idref="oc-1a0"/>
            <object_component_ref idref="oc-1a1"/>
            <object_component_ref idref="oc-169"/>
            <object_component_ref idref="oc-15b"/>
            <object_component_ref idref="oc-152"/>
            <object_component_ref idref="oc-1a2"/>
            <object_component_ref idref="oc-171"/>
            <object_component_ref idref="oc-173"/>
            <object_component_ref idref="oc-170"/>
            <object_component_ref idref="oc-174"/>
            <object_component_ref idref="oc-16a"/>
            <object_component_ref idref="oc-172"/>
            <object_component_ref idref="oc-195"/>
            <object_component_ref idref="oc-1a4"/>
            <object_component_ref idref="oc-157"/>
            <object_component_ref idref="oc-156"/>
            <object_component_ref idref="oc-14f"/>
            <object_component_ref idref="oc-16f"/>
            <object_component_ref idref="oc-199"/>
            <object_component_ref idref="oc-c4"/>
            <object_component_ref idref="oc-175"/>
            <object_component_ref idref="oc-200"/>
         </contents>
      </logical_group>
      <logical_group id="lg-1ed" display="never" color="cyan">
         <name>.debug_str</name>
         <load_address>0x0</load_address>
         <run_address>0x0</run_address>
         <size>0xc95</size>
         <contents>
            <object_component_ref idref="oc-71"/>
            <object_component_ref idref="oc-b3"/>
            <object_component_ref idref="oc-ae"/>
            <object_component_ref idref="oc-76"/>
            <object_component_ref idref="oc-37"/>
            <object_component_ref idref="oc-154"/>
            <object_component_ref idref="oc-19b"/>
         </contents>
      </logical_group>
      <logical_group id="lg-1ef" display="never" color="cyan">
         <name>.debug_aranges</name>
         <load_address>0x0</load_address>
         <run_address>0x0</run_address>
         <size>0x278</size>
         <contents>
            <object_component_ref idref="oc-9a"/>
            <object_component_ref idref="oc-26"/>
            <object_component_ref idref="oc-53"/>
            <object_component_ref idref="oc-15f"/>
            <object_component_ref idref="oc-165"/>
            <object_component_ref idref="oc-df"/>
            <object_component_ref idref="oc-d9"/>
            <object_component_ref idref="oc-f6"/>
            <object_component_ref idref="oc-102"/>
            <object_component_ref idref="oc-f0"/>
            <object_component_ref idref="oc-108"/>
            <object_component_ref idref="oc-e4"/>
            <object_component_ref idref="oc-fc"/>
            <object_component_ref idref="oc-d3"/>
            <object_component_ref idref="oc-cd"/>
            <object_component_ref idref="oc-c7"/>
            <object_component_ref idref="oc-eb"/>
            <object_component_ref idref="oc-94"/>
            <object_component_ref idref="oc-113"/>
         </contents>
      </logical_group>
      <logical_group id="lg-1f1" display="never" color="cyan">
         <name>.debug_pubnames</name>
         <load_address>0x0</load_address>
         <run_address>0x0</run_address>
         <size>0x380</size>
         <contents>
            <object_component_ref idref="oc-9b"/>
            <object_component_ref idref="oc-11"/>
            <object_component_ref idref="oc-27"/>
            <object_component_ref idref="oc-23"/>
            <object_component_ref idref="oc-52"/>
            <object_component_ref idref="oc-15a"/>
            <object_component_ref idref="oc-160"/>
            <object_component_ref idref="oc-166"/>
            <object_component_ref idref="oc-e0"/>
            <object_component_ref idref="oc-da"/>
            <object_component_ref idref="oc-f8"/>
            <object_component_ref idref="oc-104"/>
            <object_component_ref idref="oc-f2"/>
            <object_component_ref idref="oc-10a"/>
            <object_component_ref idref="oc-e6"/>
            <object_component_ref idref="oc-ff"/>
            <object_component_ref idref="oc-16e"/>
            <object_component_ref idref="oc-d4"/>
            <object_component_ref idref="oc-ce"/>
            <object_component_ref idref="oc-c9"/>
            <object_component_ref idref="oc-ed"/>
            <object_component_ref idref="oc-95"/>
            <object_component_ref idref="oc-112"/>
         </contents>
      </logical_group>
      <logical_group id="lg-1f3" display="never" color="cyan">
         <name>.debug_pubtypes</name>
         <load_address>0x0</load_address>
         <run_address>0x0</run_address>
         <size>0xa05</size>
         <contents>
            <object_component_ref idref="oc-6e"/>
            <object_component_ref idref="oc-b0"/>
            <object_component_ref idref="oc-ab"/>
            <object_component_ref idref="oc-73"/>
            <object_component_ref idref="oc-34"/>
            <object_component_ref idref="oc-151"/>
            <object_component_ref idref="oc-198"/>
         </contents>
      </logical_group>
      <load_segment id="lg-203" display="no" color="cyan">
         <name>SEGMENT_0</name>
         <load_address>0x0</load_address>
         <run_address>0x0</run_address>
         <size>0x91c</size>
         <flags>0x5</flags>
         <contents>
            <logical_group_ref idref="lg-3"/>
            <logical_group_ref idref="lg-4"/>
            <logical_group_ref idref="lg-5"/>
         </contents>
      </load_segment>
      <load_segment id="lg-204" display="no" color="cyan">
         <name>SEGMENT_1</name>
         <run_address>0x20000000</run_address>
         <size>0x200</size>
         <flags>0x6</flags>
         <contents>
            <logical_group_ref idref="lg-d"/>
         </contents>
      </load_segment>
   </logical_group_list>
   <placement_map>
      <memory_area display="yes" color="green">
         <name>FLASH</name>
         <page_id>0x0</page_id>
         <origin>0x0</origin>
         <length>0x40000</length>
         <used_space>0x91a</used_space>
         <unused_space>0x3f6e6</unused_space>
         <attributes>RX</attributes>
         <usage_details>
            <allocated_space>
               <start_address>0x0</start_address>
               <size>0x26c</size>
               <logical_group_ref idref="lg-3"/>
            </allocated_space>
            <allocated_space>
               <start_address>0x26c</start_address>
               <size>0x5b2</size>
               <logical_group_ref idref="lg-4"/>
            </allocated_space>
            <available_space>
               <start_address>0x81e</start_address>
               <size>0x2</size>
            </available_space>
            <allocated_space>
               <start_address>0x820</start_address>
               <size>0xfc</size>
               <logical_group_ref idref="lg-5"/>
            </allocated_space>
            <available_space>
               <start_address>0x91c</start_address>
               <size>0x3f6e4</size>
            </available_space>
         </usage_details>
      </memory_area>
      <memory_area display="yes" color="green">
         <name>SRAM</name>
         <page_id>0x0</page_id>
         <origin>0x20000000</origin>
         <length>0x8000</length>
         <used_space>0x200</used_space>
         <unused_space>0x7e00</unused_space>
         <attributes>RWX</attributes>
         <usage_details>
            <allocated_space>
               <start_address>0x20000000</start_address>
               <size>0x200</size>
               <logical_group_ref idref="lg-d"/>
            </allocated_space>
            <available_space>
               <start_address>0x20000200</start_address>
               <size>0x7e00</size>
            </available_space>
         </usage_details>
      </memory_area>
   </placement_map>
   <symbol_table>
      <symbol id="sm-1">
         <name>__STACK_TOP</name>
         <value>0x20000200</value>
      </symbol>
      <symbol id="sm-2">
         <name>binit</name>
         <value>0xffffffff</value>
      </symbol>
      <symbol id="sm-3">
         <name>__binit__</name>
         <value>0xffffffff</value>
      </symbol>
      <symbol id="sm-4">
         <name>__STACK_SIZE</name>
         <value>0x200</value>
      </symbol>
      <symbol id="sm-5">
         <name>__STACK_END</name>
         <value>0x20000200</value>
      </symbol>
      <symbol id="sm-6">
         <name>__c_args__</name>
         <value>0xffffffff</value>
      </symbol>
      <symbol id="sm-7">
         <name>__TI_pprof_out_hndl</name>
         <value>0xffffffff</value>
      </symbol>
      <symbol id="sm-8">
         <name>__TI_prof_data_start</name>
         <value>0xffffffff</value>
      </symbol>
      <symbol id="sm-9">
         <name>__TI_prof_data_size</name>
         <value>0xffffffff</value>
      </symbol>
      <symbol id="sm-a">
         <name>__TI_static_base__</name>
         <value>0x0</value>
      </symbol>
      <symbol id="sm-49">
         <name>main</name>
         <value>0x5a5</value>
         <object_component_ref idref="oc-98"/>
      </symbol>
      <symbol id="sm-6a">
         <name>ResetISR</name>
         <value>0x805</value>
         <object_component_ref idref="oc-24"/>
      </symbol>
      <symbol id="sm-6b">
         <name>g_pfnVectors</name>
         <value>0x0</value>
         <object_component_ref idref="oc-f"/>
      </symbol>
      <symbol id="sm-7e">
         <name>_c_int00_noinit_noargs</name>
         <value>0x705</value>
         <object_component_ref idref="oc-50"/>
      </symbol>
      <symbol id="sm-7f">
         <name>__stack</name>
         <value>0x20000000</value>
         <object_component_ref idref="oc-21"/>
      </symbol>
      <symbol id="sm-b6">
         <name>GPIOPinTypePWM</name>
         <value>0x7b5</value>
         <object_component_ref idref="oc-dd"/>
      </symbol>
      <symbol id="sm-b7">
         <name>GPIOPinConfigure</name>
         <value>0x689</value>
         <object_component_ref idref="oc-d7"/>
      </symbol>
      <symbol id="sm-b8">
         <name>GPIODirModeSet</name>
         <value>0x735</value>
         <object_component_ref idref="oc-15d"/>
      </symbol>
      <symbol id="sm-b9">
         <name>GPIOPadConfigSet</name>
         <value>0x26d</value>
         <object_component_ref idref="oc-163"/>
      </symbol>
      <symbol id="sm-f0">
         <name>PWMGenPeriodSet</name>
         <value>0x7e9</value>
         <object_component_ref idref="oc-ef"/>
      </symbol>
      <symbol id="sm-f1">
         <name>PWMDeadBandEnable</name>
         <value>0x7d9</value>
         <object_component_ref idref="oc-fb"/>
      </symbol>
      <symbol id="sm-f2">
         <name>PWMPulseWidthSet</name>
         <value>0x781</value>
         <object_component_ref idref="oc-f5"/>
      </symbol>
      <symbol id="sm-f3">
         <name>PWMOutputState</name>
         <value>0x7c7</value>
         <object_component_ref idref="oc-101"/>
      </symbol>
      <symbol id="sm-f4">
         <name>PWMGenEnable</name>
         <value>0x7f9</value>
         <object_component_ref idref="oc-107"/>
      </symbol>
      <symbol id="sm-f5">
         <name>PWMGenConfigure</name>
         <value>0x75f</value>
         <object_component_ref idref="oc-e3"/>
      </symbol>
      <symbol id="sm-151">
         <name>SysCtlClockSet</name>
         <value>0x4b1</value>
         <object_component_ref idref="oc-c5"/>
      </symbol>
      <symbol id="sm-152">
         <name>SysCtlDelay</name>
         <value>0x811</value>
         <object_component_ref idref="oc-14e"/>
      </symbol>
      <symbol id="sm-153">
         <name>SysCtlPeripheralEnable</name>
         <value>0x6d1</value>
         <object_component_ref idref="oc-d1"/>
      </symbol>
      <symbol id="sm-154">
         <name>SysCtlClockGet</name>
         <value>0x3a1</value>
         <object_component_ref idref="oc-e9"/>
      </symbol>
      <symbol id="sm-155">
         <name>SysCtlPWMClockSet</name>
         <value>0x7a1</value>
         <object_component_ref idref="oc-cb"/>
      </symbol>
      <symbol id="sm-164">
         <name>_system_pre_init</name>
         <value>0x817</value>
         <object_component_ref idref="oc-92"/>
      </symbol>
      <symbol id="sm-170">
         <name>C$$EXIT</name>
         <value>0x81b</value>
         <object_component_ref idref="oc-10e"/>
      </symbol>
      <symbol id="sm-171">
         <name>abort</name>
         <value>0x81b</value>
         <object_component_ref idref="oc-10e"/>
      </symbol>
      <symbol id="sm-175">
         <name>__mpu_init</name>
         <value>0x0</value>
      </symbol>
   </symbol_table>
   <title>Link successful</title>
</link_info>
