<?xml version="1.0" encoding="ISO-8859-1" ?>
<link_info>
   <banner>TI ARM Linker PC v18.1.2.LTS</banner>
   <copyright>Copyright (c) 1996-2017 Texas Instruments Incorporated</copyright>
   <link_time>0x5b49f5f6</link_time>
   <link_errors>0x0</link_errors>
   <output_file>PWM_Without_Deadband0.out</output_file>
   <entry_point>
      <name>_c_int00_noinit_noargs</name>
      <address>0x6bd</address>
   </entry_point>
   <input_file_list>
      <input_file id="fl-2">
         <path>.\</path>
         <kind>object</kind>
         <file>main.obj</file>
         <name>main.obj</name>
      </input_file>
      <input_file id="fl-3">
         <path>.\</path>
         <kind>object</kind>
         <file>tm4c123gh6pm_startup_ccs.obj</file>
         <name>tm4c123gh6pm_startup_ccs.obj</name>
      </input_file>
      <input_file id="fl-9">
         <kind>object</kind>
         <file>&lt;internal&gt;</file>
         <name>&lt;internal&gt;</name>
      </input_file>
      <input_file id="fl-bf">
         <path>D:\ti\ccsv8\tools\compiler\ti-cgt-arm_18.1.2.LTS\lib\</path>
         <kind>archive</kind>
         <file>rtsv7M4_T_le_v4SPD16_eabi.lib</file>
         <name>boot_cortex_m.c.obj</name>
      </input_file>
      <input_file id="fl-c0">
         <path>D:\ti\TivaWare_C_Series-2.1.4.178\driverlib\ccs\Debug\</path>
         <kind>archive</kind>
         <file>driverlib.lib</file>
         <name>gpio.obj</name>
      </input_file>
      <input_file id="fl-c1">
         <path>D:\ti\TivaWare_C_Series-2.1.4.178\driverlib\ccs\Debug\</path>
         <kind>archive</kind>
         <file>driverlib.lib</file>
         <name>interrupt.obj</name>
      </input_file>
      <input_file id="fl-c2">
         <path>D:\ti\TivaWare_C_Series-2.1.4.178\driverlib\ccs\Debug\</path>
         <kind>archive</kind>
         <file>driverlib.lib</file>
         <name>cpu.obj</name>
      </input_file>
      <input_file id="fl-c3">
         <path>D:\ti\TivaWare_C_Series-2.1.4.178\driverlib\ccs\Debug\</path>
         <kind>archive</kind>
         <file>driverlib.lib</file>
         <name>pwm.obj</name>
      </input_file>
      <input_file id="fl-c4">
         <path>D:\ti\TivaWare_C_Series-2.1.4.178\driverlib\ccs\Debug\</path>
         <kind>archive</kind>
         <file>driverlib.lib</file>
         <name>sysctl.obj</name>
      </input_file>
      <input_file id="fl-c5">
         <path>D:\ti\ccsv8\tools\compiler\ti-cgt-arm_18.1.2.LTS\lib\</path>
         <kind>archive</kind>
         <file>rtsv7M4_T_le_v4SPD16_eabi.lib</file>
         <name>autoinit.c.obj</name>
      </input_file>
      <input_file id="fl-c6">
         <path>D:\ti\ccsv8\tools\compiler\ti-cgt-arm_18.1.2.LTS\lib\</path>
         <kind>archive</kind>
         <file>rtsv7M4_T_le_v4SPD16_eabi.lib</file>
         <name>copy_decompress_lzss.c.obj</name>
      </input_file>
      <input_file id="fl-c7">
         <path>D:\ti\ccsv8\tools\compiler\ti-cgt-arm_18.1.2.LTS\lib\</path>
         <kind>archive</kind>
         <file>rtsv7M4_T_le_v4SPD16_eabi.lib</file>
         <name>copy_decompress_none.c.obj</name>
      </input_file>
      <input_file id="fl-c8">
         <path>D:\ti\ccsv8\tools\compiler\ti-cgt-arm_18.1.2.LTS\lib\</path>
         <kind>archive</kind>
         <file>rtsv7M4_T_le_v4SPD16_eabi.lib</file>
         <name>copy_zero_init.c.obj</name>
      </input_file>
      <input_file id="fl-c9">
         <path>D:\ti\ccsv8\tools\compiler\ti-cgt-arm_18.1.2.LTS\lib\</path>
         <kind>archive</kind>
         <file>rtsv7M4_T_le_v4SPD16_eabi.lib</file>
         <name>args_main.c.obj</name>
      </input_file>
      <input_file id="fl-ca">
         <path>D:\ti\ccsv8\tools\compiler\ti-cgt-arm_18.1.2.LTS\lib\</path>
         <kind>archive</kind>
         <file>rtsv7M4_T_le_v4SPD16_eabi.lib</file>
         <name>pre_init.c.obj</name>
      </input_file>
      <input_file id="fl-cb">
         <path>D:\ti\ccsv8\tools\compiler\ti-cgt-arm_18.1.2.LTS\lib\</path>
         <kind>archive</kind>
         <file>rtsv7M4_T_le_v4SPD16_eabi.lib</file>
         <name>cpy_tbl.c.obj</name>
      </input_file>
      <input_file id="fl-cc">
         <path>D:\ti\ccsv8\tools\compiler\ti-cgt-arm_18.1.2.LTS\lib\</path>
         <kind>archive</kind>
         <file>rtsv7M4_T_le_v4SPD16_eabi.lib</file>
         <name>exit.c.obj</name>
      </input_file>
      <input_file id="fl-cd">
         <path>D:\ti\ccsv8\tools\compiler\ti-cgt-arm_18.1.2.LTS\lib\</path>
         <kind>archive</kind>
         <file>rtsv7M4_T_le_v4SPD16_eabi.lib</file>
         <name>_lock.c.obj</name>
      </input_file>
      <input_file id="fl-ce">
         <path>D:\ti\ccsv8\tools\compiler\ti-cgt-arm_18.1.2.LTS\lib\</path>
         <kind>archive</kind>
         <file>rtsv7M4_T_le_v4SPD16_eabi.lib</file>
         <name>memcpy_t2.asm.obj</name>
      </input_file>
      <input_file id="fl-cf">
         <path>D:\ti\ccsv8\tools\compiler\ti-cgt-arm_18.1.2.LTS\lib\</path>
         <kind>archive</kind>
         <file>rtsv7M4_T_le_v4SPD16_eabi.lib</file>
         <name>memset_t2.asm.obj</name>
      </input_file>
   </input_file_list>
   <object_component_list>
      <object_component id="oc-f">
         <name>.intvecs</name>
         <load_address>0x0</load_address>
         <run_address>0x0</run_address>
         <size>0x26c</size>
         <input_file_ref idref="fl-3"/>
      </object_component>
      <object_component id="oc-15d">
         <name>.text:GPIOPadConfigSet</name>
         <load_address>0x26c</load_address>
         <run_address>0x26c</run_address>
         <size>0x132</size>
         <input_file_ref idref="fl-c0"/>
      </object_component>
      <object_component id="oc-e9">
         <name>.text:SysCtlClockGet</name>
         <load_address>0x3a0</load_address>
         <run_address>0x3a0</run_address>
         <size>0x110</size>
         <input_file_ref idref="fl-c4"/>
      </object_component>
      <object_component id="oc-c5">
         <name>.text:SysCtlClockSet</name>
         <load_address>0x4b0</load_address>
         <run_address>0x4b0</run_address>
         <size>0xf4</size>
         <input_file_ref idref="fl-c4"/>
      </object_component>
      <object_component id="oc-98">
         <name>.text</name>
         <load_address>0x5a4</load_address>
         <run_address>0x5a4</run_address>
         <size>0x9c</size>
         <input_file_ref idref="fl-2"/>
      </object_component>
      <object_component id="oc-d7">
         <name>.text:GPIOPinConfigure</name>
         <load_address>0x640</load_address>
         <run_address>0x640</run_address>
         <size>0x48</size>
         <input_file_ref idref="fl-c0"/>
      </object_component>
      <object_component id="oc-d1">
         <name>.text:SysCtlPeripheralEnable</name>
         <load_address>0x688</load_address>
         <run_address>0x688</run_address>
         <size>0x34</size>
         <input_file_ref idref="fl-c4"/>
      </object_component>
      <object_component id="oc-50">
         <name>.text:_c_int00_noinit_noargs:_c_int00_noinit_noargs</name>
         <load_address>0x6bc</load_address>
         <run_address>0x6bc</run_address>
         <size>0x30</size>
         <input_file_ref idref="fl-bf"/>
      </object_component>
      <object_component id="oc-157">
         <name>.text:GPIODirModeSet</name>
         <load_address>0x6ec</load_address>
         <run_address>0x6ec</run_address>
         <size>0x2a</size>
         <input_file_ref idref="fl-c0"/>
      </object_component>
      <object_component id="oc-e3">
         <name>.text:PWMGenConfigure</name>
         <load_address>0x716</load_address>
         <run_address>0x716</run_address>
         <size>0x22</size>
         <input_file_ref idref="fl-c3"/>
      </object_component>
      <object_component id="oc-f5">
         <name>.text:PWMPulseWidthSet</name>
         <load_address>0x738</load_address>
         <run_address>0x738</run_address>
         <size>0x1e</size>
         <input_file_ref idref="fl-c3"/>
      </object_component>
      <object_component id="oc-cb">
         <name>.text:SysCtlPWMClockSet</name>
         <load_address>0x758</load_address>
         <run_address>0x758</run_address>
         <size>0x14</size>
         <input_file_ref idref="fl-c4"/>
      </object_component>
      <object_component id="oc-dd">
         <name>.text:GPIOPinTypePWM</name>
         <load_address>0x76c</load_address>
         <run_address>0x76c</run_address>
         <size>0x12</size>
         <input_file_ref idref="fl-c0"/>
      </object_component>
      <object_component id="oc-fb">
         <name>.text:PWMOutputState</name>
         <load_address>0x77e</load_address>
         <run_address>0x77e</run_address>
         <size>0x12</size>
         <input_file_ref idref="fl-c3"/>
      </object_component>
      <object_component id="oc-ef">
         <name>.text:PWMGenPeriodSet</name>
         <load_address>0x790</load_address>
         <run_address>0x790</run_address>
         <size>0x10</size>
         <input_file_ref idref="fl-c3"/>
      </object_component>
      <object_component id="oc-101">
         <name>.text:PWMGenEnable</name>
         <load_address>0x7a0</load_address>
         <run_address>0x7a0</run_address>
         <size>0xc</size>
         <input_file_ref idref="fl-c3"/>
      </object_component>
      <object_component id="oc-24">
         <name>.text</name>
         <load_address>0x7ac</load_address>
         <run_address>0x7ac</run_address>
         <size>0xc</size>
         <input_file_ref idref="fl-3"/>
      </object_component>
      <object_component id="oc-148">
         <name>.text:SysCtlDelay</name>
         <load_address>0x7b8</load_address>
         <run_address>0x7b8</run_address>
         <size>0x6</size>
         <input_file_ref idref="fl-c4"/>
      </object_component>
      <object_component id="oc-92">
         <name>.text:_system_pre_init</name>
         <load_address>0x7be</load_address>
         <run_address>0x7be</run_address>
         <size>0x4</size>
         <input_file_ref idref="fl-ca"/>
      </object_component>
      <object_component id="oc-108">
         <name>.text:abort:abort</name>
         <load_address>0x7c2</load_address>
         <run_address>0x7c2</run_address>
         <size>0x4</size>
         <input_file_ref idref="fl-cc"/>
      </object_component>
      <object_component id="oc-152">
         <name>.const:g_pui32GPIOBaseAddrs</name>
         <load_address>0x7c8</load_address>
         <run_address>0x7c8</run_address>
         <size>0x90</size>
         <input_file_ref idref="fl-c0"/>
      </object_component>
      <object_component id="oc-166">
         <name>.const:g_pui32Xtals</name>
         <load_address>0x858</load_address>
         <run_address>0x858</run_address>
         <size>0x6c</size>
         <input_file_ref idref="fl-c4"/>
      </object_component>
      <object_component id="oc-21">
         <name>.stack</name>
         <uninitialized>true</uninitialized>
         <run_address>0x20000000</run_address>
         <size>0x4</size>
         <input_file_ref idref="fl-bf"/>
      </object_component>
      <object_component id="oc-1f7">
         <name>.stack</name>
         <uninitialized>true</uninitialized>
         <run_address>0x20000000</run_address>
         <size>0x0</size>
      </object_component>
      <object_component id="oc-b4">
         <name>.debug_info</name>
         <load_address>0x0</load_address>
         <run_address>0x0</run_address>
         <size>0x4a7</size>
         <input_file_ref idref="fl-2"/>
      </object_component>
      <object_component id="oc-99">
         <name>.debug_info</name>
         <load_address>0x4a7</load_address>
         <run_address>0x4a7</run_address>
         <size>0x249</size>
         <input_file_ref idref="fl-2"/>
      </object_component>
      <object_component id="oc-6d">
         <name>.debug_info</name>
         <load_address>0x6f0</load_address>
         <run_address>0x6f0</run_address>
         <size>0x26b</size>
         <input_file_ref idref="fl-2"/>
      </object_component>
      <object_component id="oc-af">
         <name>.debug_info</name>
         <load_address>0x95b</load_address>
         <run_address>0x95b</run_address>
         <size>0x8b</size>
         <input_file_ref idref="fl-2"/>
      </object_component>
      <object_component id="oc-aa">
         <name>.debug_info</name>
         <load_address>0x9e6</load_address>
         <run_address>0x9e6</run_address>
         <size>0x297</size>
         <input_file_ref idref="fl-2"/>
      </object_component>
      <object_component id="oc-72">
         <name>.debug_info</name>
         <load_address>0xc7d</load_address>
         <run_address>0xc7d</run_address>
         <size>0xbb</size>
         <input_file_ref idref="fl-2"/>
      </object_component>
      <object_component id="oc-2c">
         <name>.debug_info</name>
         <load_address>0xd38</load_address>
         <run_address>0xd38</run_address>
         <size>0x2ae</size>
         <input_file_ref idref="fl-3"/>
      </object_component>
      <object_component id="oc-10">
         <name>.debug_info</name>
         <load_address>0xfe6</load_address>
         <run_address>0xfe6</run_address>
         <size>0xed</size>
         <input_file_ref idref="fl-3"/>
      </object_component>
      <object_component id="oc-25">
         <name>.debug_info</name>
         <load_address>0x10d3</load_address>
         <run_address>0x10d3</run_address>
         <size>0x269</size>
         <input_file_ref idref="fl-3"/>
      </object_component>
      <object_component id="oc-33">
         <name>.debug_info</name>
         <load_address>0x133c</load_address>
         <run_address>0x133c</run_address>
         <size>0x84</size>
         <input_file_ref idref="fl-3"/>
      </object_component>
      <object_component id="oc-22">
         <name>.debug_info</name>
         <load_address>0x13c0</load_address>
         <run_address>0x13c0</run_address>
         <size>0x100</size>
         <input_file_ref idref="fl-bf"/>
      </object_component>
      <object_component id="oc-51">
         <name>.debug_info</name>
         <load_address>0x14c0</load_address>
         <run_address>0x14c0</run_address>
         <size>0x19d</size>
         <input_file_ref idref="fl-bf"/>
      </object_component>
      <object_component id="oc-156">
         <name>.debug_info</name>
         <load_address>0x165d</load_address>
         <run_address>0x165d</run_address>
         <size>0x240</size>
         <input_file_ref idref="fl-c0"/>
      </object_component>
      <object_component id="oc-153">
         <name>.debug_info</name>
         <load_address>0x189d</load_address>
         <run_address>0x189d</run_address>
         <size>0x15b</size>
         <input_file_ref idref="fl-c0"/>
      </object_component>
      <object_component id="oc-158">
         <name>.debug_info</name>
         <load_address>0x19f8</load_address>
         <run_address>0x19f8</run_address>
         <size>0x2b3</size>
         <input_file_ref idref="fl-c0"/>
      </object_component>
      <object_component id="oc-15e">
         <name>.debug_info</name>
         <load_address>0x1cab</load_address>
         <run_address>0x1cab</run_address>
         <size>0x316</size>
         <input_file_ref idref="fl-c0"/>
      </object_component>
      <object_component id="oc-de">
         <name>.debug_info</name>
         <load_address>0x1fc1</load_address>
         <run_address>0x1fc1</run_address>
         <size>0x279</size>
         <input_file_ref idref="fl-c0"/>
      </object_component>
      <object_component id="oc-d8">
         <name>.debug_info</name>
         <load_address>0x223a</load_address>
         <run_address>0x223a</run_address>
         <size>0x280</size>
         <input_file_ref idref="fl-c0"/>
      </object_component>
      <object_component id="oc-14a">
         <name>.debug_info</name>
         <load_address>0x24ba</load_address>
         <run_address>0x24ba</run_address>
         <size>0x18b</size>
         <input_file_ref idref="fl-c0"/>
      </object_component>
      <object_component id="oc-165">
         <name>.debug_info</name>
         <load_address>0x2645</load_address>
         <run_address>0x2645</run_address>
         <size>0x1ed</size>
         <input_file_ref idref="fl-c3"/>
      </object_component>
      <object_component id="oc-f7">
         <name>.debug_info</name>
         <load_address>0x2832</load_address>
         <run_address>0x2832</run_address>
         <size>0x2f6</size>
         <input_file_ref idref="fl-c3"/>
      </object_component>
      <object_component id="oc-fd">
         <name>.debug_info</name>
         <load_address>0x2b28</load_address>
         <run_address>0x2b28</run_address>
         <size>0x2c4</size>
         <input_file_ref idref="fl-c3"/>
      </object_component>
      <object_component id="oc-f1">
         <name>.debug_info</name>
         <load_address>0x2dec</load_address>
         <run_address>0x2dec</run_address>
         <size>0x2b6</size>
         <input_file_ref idref="fl-c3"/>
      </object_component>
      <object_component id="oc-103">
         <name>.debug_info</name>
         <load_address>0x30a2</load_address>
         <run_address>0x30a2</run_address>
         <size>0x276</size>
         <input_file_ref idref="fl-c3"/>
      </object_component>
      <object_component id="oc-e5">
         <name>.debug_info</name>
         <load_address>0x3318</load_address>
         <run_address>0x3318</run_address>
         <size>0x2b3</size>
         <input_file_ref idref="fl-c3"/>
      </object_component>
      <object_component id="oc-14f">
         <name>.debug_info</name>
         <load_address>0x35cb</load_address>
         <run_address>0x35cb</run_address>
         <size>0x298</size>
         <input_file_ref idref="fl-c4"/>
      </object_component>
      <object_component id="oc-167">
         <name>.debug_info</name>
         <load_address>0x3863</load_address>
         <run_address>0x3863</run_address>
         <size>0x14d</size>
         <input_file_ref idref="fl-c4"/>
      </object_component>
      <object_component id="oc-d2">
         <name>.debug_info</name>
         <load_address>0x39b0</load_address>
         <run_address>0x39b0</run_address>
         <size>0x27d</size>
         <input_file_ref idref="fl-c4"/>
      </object_component>
      <object_component id="oc-cc">
         <name>.debug_info</name>
         <load_address>0x3c2d</load_address>
         <run_address>0x3c2d</run_address>
         <size>0x263</size>
         <input_file_ref idref="fl-c4"/>
      </object_component>
      <object_component id="oc-c6">
         <name>.debug_info</name>
         <load_address>0x3e90</load_address>
         <run_address>0x3e90</run_address>
         <size>0x2db</size>
         <input_file_ref idref="fl-c4"/>
      </object_component>
      <object_component id="oc-ea">
         <name>.debug_info</name>
         <load_address>0x416b</load_address>
         <run_address>0x416b</run_address>
         <size>0x2b5</size>
         <input_file_ref idref="fl-c4"/>
      </object_component>
      <object_component id="oc-190">
         <name>.debug_info</name>
         <load_address>0x4420</load_address>
         <run_address>0x4420</run_address>
         <size>0x5f</size>
         <input_file_ref idref="fl-c4"/>
      </object_component>
      <object_component id="oc-93">
         <name>.debug_info</name>
         <load_address>0x447f</load_address>
         <run_address>0x447f</run_address>
         <size>0x148</size>
         <input_file_ref idref="fl-ca"/>
      </object_component>
      <object_component id="oc-109">
         <name>.debug_info</name>
         <load_address>0x45c7</load_address>
         <run_address>0x45c7</run_address>
         <size>0x117</size>
         <input_file_ref idref="fl-cc"/>
      </object_component>
      <object_component id="oc-1f8">
         <name>.debug_info</name>
         <load_address>0x46de</load_address>
         <run_address>0x46de</run_address>
         <size>0xa3</size>
      </object_component>
      <object_component id="oc-147">
         <name>.debug_line</name>
         <load_address>0x0</load_address>
         <run_address>0x0</run_address>
         <size>0xc3</size>
         <input_file_ref idref="fl-2"/>
      </object_component>
      <object_component id="oc-9c">
         <name>.debug_line</name>
         <load_address>0xc3</load_address>
         <run_address>0xc3</run_address>
         <size>0x52</size>
         <input_file_ref idref="fl-2"/>
      </object_component>
      <object_component id="oc-70">
         <name>.debug_line</name>
         <load_address>0x115</load_address>
         <run_address>0x115</run_address>
         <size>0x69</size>
         <input_file_ref idref="fl-2"/>
      </object_component>
      <object_component id="oc-b2">
         <name>.debug_line</name>
         <load_address>0x17e</load_address>
         <run_address>0x17e</run_address>
         <size>0x20</size>
         <input_file_ref idref="fl-2"/>
      </object_component>
      <object_component id="oc-ad">
         <name>.debug_line</name>
         <load_address>0x19e</load_address>
         <run_address>0x19e</run_address>
         <size>0x6d</size>
         <input_file_ref idref="fl-2"/>
      </object_component>
      <object_component id="oc-75">
         <name>.debug_line</name>
         <load_address>0x20b</load_address>
         <run_address>0x20b</run_address>
         <size>0x6a</size>
         <input_file_ref idref="fl-2"/>
      </object_component>
      <object_component id="oc-6c">
         <name>.debug_line</name>
         <load_address>0x275</load_address>
         <run_address>0x275</run_address>
         <size>0x41</size>
         <input_file_ref idref="fl-3"/>
      </object_component>
      <object_component id="oc-2b">
         <name>.debug_line</name>
         <load_address>0x2b6</load_address>
         <run_address>0x2b6</run_address>
         <size>0x41</size>
         <input_file_ref idref="fl-3"/>
      </object_component>
      <object_component id="oc-29">
         <name>.debug_line</name>
         <load_address>0x2f7</load_address>
         <run_address>0x2f7</run_address>
         <size>0xa1</size>
         <input_file_ref idref="fl-3"/>
      </object_component>
      <object_component id="oc-36">
         <name>.debug_line</name>
         <load_address>0x398</load_address>
         <run_address>0x398</run_address>
         <size>0x20</size>
         <input_file_ref idref="fl-3"/>
      </object_component>
      <object_component id="oc-69">
         <name>.debug_line</name>
         <load_address>0x3b8</load_address>
         <run_address>0x3b8</run_address>
         <size>0x33</size>
         <input_file_ref idref="fl-bf"/>
      </object_component>
      <object_component id="oc-55">
         <name>.debug_line</name>
         <load_address>0x3eb</load_address>
         <run_address>0x3eb</run_address>
         <size>0x55</size>
         <input_file_ref idref="fl-bf"/>
      </object_component>
      <object_component id="oc-198">
         <name>.debug_line</name>
         <load_address>0x440</load_address>
         <run_address>0x440</run_address>
         <size>0x82</size>
         <input_file_ref idref="fl-c0"/>
      </object_component>
      <object_component id="oc-196">
         <name>.debug_line</name>
         <load_address>0x4c2</load_address>
         <run_address>0x4c2</run_address>
         <size>0x7d</size>
         <input_file_ref idref="fl-c0"/>
      </object_component>
      <object_component id="oc-15c">
         <name>.debug_line</name>
         <load_address>0x53f</load_address>
         <run_address>0x53f</run_address>
         <size>0x95</size>
         <input_file_ref idref="fl-c0"/>
      </object_component>
      <object_component id="oc-162">
         <name>.debug_line</name>
         <load_address>0x5d4</load_address>
         <run_address>0x5d4</run_address>
         <size>0xd1</size>
         <input_file_ref idref="fl-c0"/>
      </object_component>
      <object_component id="oc-e2">
         <name>.debug_line</name>
         <load_address>0x6a5</load_address>
         <run_address>0x6a5</run_address>
         <size>0x93</size>
         <input_file_ref idref="fl-c0"/>
      </object_component>
      <object_component id="oc-db">
         <name>.debug_line</name>
         <load_address>0x738</load_address>
         <run_address>0x738</run_address>
         <size>0xa7</size>
         <input_file_ref idref="fl-c0"/>
      </object_component>
      <object_component id="oc-14d">
         <name>.debug_line</name>
         <load_address>0x7df</load_address>
         <run_address>0x7df</run_address>
         <size>0x69</size>
         <input_file_ref idref="fl-c0"/>
      </object_component>
      <object_component id="oc-19c">
         <name>.debug_line</name>
         <load_address>0x848</load_address>
         <run_address>0x848</run_address>
         <size>0x82</size>
         <input_file_ref idref="fl-c3"/>
      </object_component>
      <object_component id="oc-f9">
         <name>.debug_line</name>
         <load_address>0x8ca</load_address>
         <run_address>0x8ca</run_address>
         <size>0x9e</size>
         <input_file_ref idref="fl-c3"/>
      </object_component>
      <object_component id="oc-ff">
         <name>.debug_line</name>
         <load_address>0x968</load_address>
         <run_address>0x968</run_address>
         <size>0x95</size>
         <input_file_ref idref="fl-c3"/>
      </object_component>
      <object_component id="oc-f3">
         <name>.debug_line</name>
         <load_address>0x9fd</load_address>
         <run_address>0x9fd</run_address>
         <size>0x96</size>
         <input_file_ref idref="fl-c3"/>
      </object_component>
      <object_component id="oc-105">
         <name>.debug_line</name>
         <load_address>0xa93</load_address>
         <run_address>0xa93</run_address>
         <size>0x91</size>
         <input_file_ref idref="fl-c3"/>
      </object_component>
      <object_component id="oc-e7">
         <name>.debug_line</name>
         <load_address>0xb24</load_address>
         <run_address>0xb24</run_address>
         <size>0x9b</size>
         <input_file_ref idref="fl-c3"/>
      </object_component>
      <object_component id="oc-18f">
         <name>.debug_line</name>
         <load_address>0xbbf</load_address>
         <run_address>0xbbf</run_address>
         <size>0x13d</size>
         <input_file_ref idref="fl-c4"/>
      </object_component>
      <object_component id="oc-19e">
         <name>.debug_line</name>
         <load_address>0xcfc</load_address>
         <run_address>0xcfc</run_address>
         <size>0x7f</size>
         <input_file_ref idref="fl-c4"/>
      </object_component>
      <object_component id="oc-d5">
         <name>.debug_line</name>
         <load_address>0xd7b</load_address>
         <run_address>0xd7b</run_address>
         <size>0x94</size>
         <input_file_ref idref="fl-c4"/>
      </object_component>
      <object_component id="oc-cf">
         <name>.debug_line</name>
         <load_address>0xe0f</load_address>
         <run_address>0xe0f</run_address>
         <size>0x94</size>
         <input_file_ref idref="fl-c4"/>
      </object_component>
      <object_component id="oc-c9">
         <name>.debug_line</name>
         <load_address>0xea3</load_address>
         <run_address>0xea3</run_address>
         <size>0xee</size>
         <input_file_ref idref="fl-c4"/>
      </object_component>
      <object_component id="oc-ed">
         <name>.debug_line</name>
         <load_address>0xf91</load_address>
         <run_address>0xf91</run_address>
         <size>0x11a</size>
         <input_file_ref idref="fl-c4"/>
      </object_component>
      <object_component id="oc-193">
         <name>.debug_line</name>
         <load_address>0x10ab</load_address>
         <run_address>0x10ab</run_address>
         <size>0x7f</size>
         <input_file_ref idref="fl-c4"/>
      </object_component>
      <object_component id="oc-97">
         <name>.debug_line</name>
         <load_address>0x112a</load_address>
         <run_address>0x112a</run_address>
         <size>0x40</size>
         <input_file_ref idref="fl-ca"/>
      </object_component>
      <object_component id="oc-10d">
         <name>.debug_line</name>
         <load_address>0x116a</load_address>
         <run_address>0x116a</run_address>
         <size>0x3c</size>
         <input_file_ref idref="fl-cc"/>
      </object_component>
      <object_component id="oc-9d">
         <name>.debug_frame</name>
         <load_address>0x0</load_address>
         <run_address>0x0</run_address>
         <size>0x60</size>
         <input_file_ref idref="fl-2"/>
      </object_component>
      <object_component id="oc-28">
         <name>.debug_frame</name>
         <load_address>0x60</load_address>
         <run_address>0x60</run_address>
         <size>0x90</size>
         <input_file_ref idref="fl-3"/>
      </object_component>
      <object_component id="oc-54">
         <name>.debug_frame</name>
         <load_address>0xf0</load_address>
         <run_address>0xf0</run_address>
         <size>0x58</size>
         <input_file_ref idref="fl-bf"/>
      </object_component>
      <object_component id="oc-15b">
         <name>.debug_frame</name>
         <load_address>0x1f0</load_address>
         <run_address>0x1f0</run_address>
         <size>0x7f</size>
         <input_file_ref idref="fl-c0"/>
      </object_component>
      <object_component id="oc-161">
         <name>.debug_frame</name>
         <load_address>0x26f</load_address>
         <run_address>0x26f</run_address>
         <size>0x8f</size>
         <input_file_ref idref="fl-c0"/>
      </object_component>
      <object_component id="oc-e1">
         <name>.debug_frame</name>
         <load_address>0x2fe</load_address>
         <run_address>0x2fe</run_address>
         <size>0x86</size>
         <input_file_ref idref="fl-c0"/>
      </object_component>
      <object_component id="oc-dc">
         <name>.debug_frame</name>
         <load_address>0x384</load_address>
         <run_address>0x384</run_address>
         <size>0x86</size>
         <input_file_ref idref="fl-c0"/>
      </object_component>
      <object_component id="oc-fa">
         <name>.debug_frame</name>
         <load_address>0x40a</load_address>
         <run_address>0x40a</run_address>
         <size>0x7f</size>
         <input_file_ref idref="fl-c3"/>
      </object_component>
      <object_component id="oc-100">
         <name>.debug_frame</name>
         <load_address>0x489</load_address>
         <run_address>0x489</run_address>
         <size>0x7f</size>
         <input_file_ref idref="fl-c3"/>
      </object_component>
      <object_component id="oc-f4">
         <name>.debug_frame</name>
         <load_address>0x508</load_address>
         <run_address>0x508</run_address>
         <size>0x7f</size>
         <input_file_ref idref="fl-c3"/>
      </object_component>
      <object_component id="oc-106">
         <name>.debug_frame</name>
         <load_address>0x587</load_address>
         <run_address>0x587</run_address>
         <size>0x7f</size>
         <input_file_ref idref="fl-c3"/>
      </object_component>
      <object_component id="oc-e8">
         <name>.debug_frame</name>
         <load_address>0x606</load_address>
         <run_address>0x606</run_address>
         <size>0x7f</size>
         <input_file_ref idref="fl-c3"/>
      </object_component>
      <object_component id="oc-d6">
         <name>.debug_frame</name>
         <load_address>0x685</load_address>
         <run_address>0x685</run_address>
         <size>0x7f</size>
         <input_file_ref idref="fl-c4"/>
      </object_component>
      <object_component id="oc-d0">
         <name>.debug_frame</name>
         <load_address>0x704</load_address>
         <run_address>0x704</run_address>
         <size>0x7f</size>
         <input_file_ref idref="fl-c4"/>
      </object_component>
      <object_component id="oc-ca">
         <name>.debug_frame</name>
         <load_address>0x783</load_address>
         <run_address>0x783</run_address>
         <size>0x93</size>
         <input_file_ref idref="fl-c4"/>
      </object_component>
      <object_component id="oc-ee">
         <name>.debug_frame</name>
         <load_address>0x816</load_address>
         <run_address>0x816</run_address>
         <size>0x8e</size>
         <input_file_ref idref="fl-c4"/>
      </object_component>
      <object_component id="oc-96">
         <name>.debug_frame</name>
         <load_address>0x148</load_address>
         <run_address>0x148</run_address>
         <size>0x54</size>
         <input_file_ref idref="fl-ca"/>
      </object_component>
      <object_component id="oc-10c">
         <name>.debug_frame</name>
         <load_address>0x19c</load_address>
         <run_address>0x19c</run_address>
         <size>0x54</size>
         <input_file_ref idref="fl-cc"/>
      </object_component>
      <object_component id="oc-146">
         <name>.debug_abbrev</name>
         <load_address>0x0</load_address>
         <run_address>0x0</run_address>
         <size>0x70</size>
         <input_file_ref idref="fl-2"/>
      </object_component>
      <object_component id="oc-107">
         <name>.debug_abbrev</name>
         <load_address>0x70</load_address>
         <run_address>0x70</run_address>
         <size>0x62</size>
         <input_file_ref idref="fl-2"/>
      </object_component>
      <object_component id="oc-6f">
         <name>.debug_abbrev</name>
         <load_address>0xd2</load_address>
         <run_address>0xd2</run_address>
         <size>0x69</size>
         <input_file_ref idref="fl-2"/>
      </object_component>
      <object_component id="oc-b1">
         <name>.debug_abbrev</name>
         <load_address>0x13b</load_address>
         <run_address>0x13b</run_address>
         <size>0x1f</size>
         <input_file_ref idref="fl-2"/>
      </object_component>
      <object_component id="oc-ac">
         <name>.debug_abbrev</name>
         <load_address>0x15a</load_address>
         <run_address>0x15a</run_address>
         <size>0x5c</size>
         <input_file_ref idref="fl-2"/>
      </object_component>
      <object_component id="oc-74">
         <name>.debug_abbrev</name>
         <load_address>0x1b6</load_address>
         <run_address>0x1b6</run_address>
         <size>0x24</size>
         <input_file_ref idref="fl-2"/>
      </object_component>
      <object_component id="oc-6b">
         <name>.debug_abbrev</name>
         <load_address>0x1da</load_address>
         <run_address>0x1da</run_address>
         <size>0x68</size>
         <input_file_ref idref="fl-3"/>
      </object_component>
      <object_component id="oc-2a">
         <name>.debug_abbrev</name>
         <load_address>0x242</load_address>
         <run_address>0x242</run_address>
         <size>0x29</size>
         <input_file_ref idref="fl-3"/>
      </object_component>
      <object_component id="oc-6a">
         <name>.debug_abbrev</name>
         <load_address>0x26b</load_address>
         <run_address>0x26b</run_address>
         <size>0x79</size>
         <input_file_ref idref="fl-3"/>
      </object_component>
      <object_component id="oc-35">
         <name>.debug_abbrev</name>
         <load_address>0x2e4</load_address>
         <run_address>0x2e4</run_address>
         <size>0x1f</size>
         <input_file_ref idref="fl-3"/>
      </object_component>
      <object_component id="oc-68">
         <name>.debug_abbrev</name>
         <load_address>0x303</load_address>
         <run_address>0x303</run_address>
         <size>0x29</size>
         <input_file_ref idref="fl-bf"/>
      </object_component>
      <object_component id="oc-9f">
         <name>.debug_abbrev</name>
         <load_address>0x32c</load_address>
         <run_address>0x32c</run_address>
         <size>0x61</size>
         <input_file_ref idref="fl-bf"/>
      </object_component>
      <object_component id="oc-197">
         <name>.debug_abbrev</name>
         <load_address>0x38d</load_address>
         <run_address>0x38d</run_address>
         <size>0x72</size>
         <input_file_ref idref="fl-c0"/>
      </object_component>
      <object_component id="oc-195">
         <name>.debug_abbrev</name>
         <load_address>0x3ff</load_address>
         <run_address>0x3ff</run_address>
         <size>0x27</size>
         <input_file_ref idref="fl-c0"/>
      </object_component>
      <object_component id="oc-199">
         <name>.debug_abbrev</name>
         <load_address>0x426</load_address>
         <run_address>0x426</run_address>
         <size>0x6c</size>
         <input_file_ref idref="fl-c0"/>
      </object_component>
      <object_component id="oc-19a">
         <name>.debug_abbrev</name>
         <load_address>0x492</load_address>
         <run_address>0x492</run_address>
         <size>0x6c</size>
         <input_file_ref idref="fl-c0"/>
      </object_component>
      <object_component id="oc-163">
         <name>.debug_abbrev</name>
         <load_address>0x4fe</load_address>
         <run_address>0x4fe</run_address>
         <size>0x6c</size>
         <input_file_ref idref="fl-c0"/>
      </object_component>
      <object_component id="oc-155">
         <name>.debug_abbrev</name>
         <load_address>0x56a</load_address>
         <run_address>0x56a</run_address>
         <size>0x6c</size>
         <input_file_ref idref="fl-c0"/>
      </object_component>
      <object_component id="oc-14c">
         <name>.debug_abbrev</name>
         <load_address>0x5d6</load_address>
         <run_address>0x5d6</run_address>
         <size>0x35</size>
         <input_file_ref idref="fl-c0"/>
      </object_component>
      <object_component id="oc-19b">
         <name>.debug_abbrev</name>
         <load_address>0x60b</load_address>
         <run_address>0x60b</run_address>
         <size>0x5e</size>
         <input_file_ref idref="fl-c3"/>
      </object_component>
      <object_component id="oc-16b">
         <name>.debug_abbrev</name>
         <load_address>0x669</load_address>
         <run_address>0x669</run_address>
         <size>0x6c</size>
         <input_file_ref idref="fl-c3"/>
      </object_component>
      <object_component id="oc-16c">
         <name>.debug_abbrev</name>
         <load_address>0x6d5</load_address>
         <run_address>0x6d5</run_address>
         <size>0x6c</size>
         <input_file_ref idref="fl-c3"/>
      </object_component>
      <object_component id="oc-16a">
         <name>.debug_abbrev</name>
         <load_address>0x741</load_address>
         <run_address>0x741</run_address>
         <size>0x6c</size>
         <input_file_ref idref="fl-c3"/>
      </object_component>
      <object_component id="oc-16d">
         <name>.debug_abbrev</name>
         <load_address>0x7ad</load_address>
         <run_address>0x7ad</run_address>
         <size>0x6c</size>
         <input_file_ref idref="fl-c3"/>
      </object_component>
      <object_component id="oc-164">
         <name>.debug_abbrev</name>
         <load_address>0x819</load_address>
         <run_address>0x819</run_address>
         <size>0x6c</size>
         <input_file_ref idref="fl-c3"/>
      </object_component>
      <object_component id="oc-18e">
         <name>.debug_abbrev</name>
         <load_address>0x885</load_address>
         <run_address>0x885</run_address>
         <size>0xb0</size>
         <input_file_ref idref="fl-c4"/>
      </object_component>
      <object_component id="oc-19d">
         <name>.debug_abbrev</name>
         <load_address>0x935</load_address>
         <run_address>0x935</run_address>
         <size>0x27</size>
         <input_file_ref idref="fl-c4"/>
      </object_component>
      <object_component id="oc-151">
         <name>.debug_abbrev</name>
         <load_address>0x95c</load_address>
         <run_address>0x95c</run_address>
         <size>0x6c</size>
         <input_file_ref idref="fl-c4"/>
      </object_component>
      <object_component id="oc-150">
         <name>.debug_abbrev</name>
         <load_address>0x9c8</load_address>
         <run_address>0x9c8</run_address>
         <size>0x6c</size>
         <input_file_ref idref="fl-c4"/>
      </object_component>
      <object_component id="oc-149">
         <name>.debug_abbrev</name>
         <load_address>0xa34</load_address>
         <run_address>0xa34</run_address>
         <size>0x7a</size>
         <input_file_ref idref="fl-c4"/>
      </object_component>
      <object_component id="oc-169">
         <name>.debug_abbrev</name>
         <load_address>0xaae</load_address>
         <run_address>0xaae</run_address>
         <size>0x60</size>
         <input_file_ref idref="fl-c4"/>
      </object_component>
      <object_component id="oc-192">
         <name>.debug_abbrev</name>
         <load_address>0xb0e</load_address>
         <run_address>0xb0e</run_address>
         <size>0x49</size>
         <input_file_ref idref="fl-c4"/>
      </object_component>
      <object_component id="oc-c4">
         <name>.debug_abbrev</name>
         <load_address>0xb57</load_address>
         <run_address>0xb57</run_address>
         <size>0x55</size>
         <input_file_ref idref="fl-ca"/>
      </object_component>
      <object_component id="oc-16e">
         <name>.debug_abbrev</name>
         <load_address>0xbac</load_address>
         <run_address>0xbac</run_address>
         <size>0x45</size>
         <input_file_ref idref="fl-cc"/>
      </object_component>
      <object_component id="oc-1f9">
         <name>.debug_abbrev</name>
         <load_address>0xbf1</load_address>
         <run_address>0xbf1</run_address>
         <size>0xf</size>
      </object_component>
      <object_component id="oc-71">
         <name>.debug_str</name>
         <load_address>0x0</load_address>
         <run_address>0x0</run_address>
         <size>0x2ab</size>
         <input_file_ref idref="fl-2"/>
      </object_component>
      <object_component id="oc-b3">
         <name>.debug_str</name>
         <load_address>0x2ab</load_address>
         <run_address>0x2ab</run_address>
         <size>0xfa</size>
         <input_file_ref idref="fl-2"/>
      </object_component>
      <object_component id="oc-ae">
         <name>.debug_str</name>
         <load_address>0x3a5</load_address>
         <run_address>0x3a5</run_address>
         <size>0x33a</size>
         <input_file_ref idref="fl-2"/>
      </object_component>
      <object_component id="oc-76">
         <name>.debug_str</name>
         <load_address>0x6df</load_address>
         <run_address>0x6df</run_address>
         <size>0x143</size>
         <input_file_ref idref="fl-2"/>
      </object_component>
      <object_component id="oc-37">
         <name>.debug_str</name>
         <load_address>0x822</load_address>
         <run_address>0x822</run_address>
         <size>0xfa</size>
         <input_file_ref idref="fl-3"/>
      </object_component>
      <object_component id="oc-14e">
         <name>.debug_str</name>
         <load_address>0x91c</load_address>
         <run_address>0x91c</run_address>
         <size>0x241</size>
         <input_file_ref idref="fl-c0"/>
      </object_component>
      <object_component id="oc-194">
         <name>.debug_str</name>
         <load_address>0xb5d</load_address>
         <run_address>0xb5d</run_address>
         <size>0x141</size>
         <input_file_ref idref="fl-c4"/>
      </object_component>
      <object_component id="oc-9a">
         <name>.debug_aranges</name>
         <load_address>0x0</load_address>
         <run_address>0x0</run_address>
         <size>0x20</size>
         <input_file_ref idref="fl-2"/>
      </object_component>
      <object_component id="oc-26">
         <name>.debug_aranges</name>
         <load_address>0x20</load_address>
         <run_address>0x20</run_address>
         <size>0x38</size>
         <input_file_ref idref="fl-3"/>
      </object_component>
      <object_component id="oc-53">
         <name>.debug_aranges</name>
         <load_address>0x58</load_address>
         <run_address>0x58</run_address>
         <size>0x20</size>
         <input_file_ref idref="fl-bf"/>
      </object_component>
      <object_component id="oc-159">
         <name>.debug_aranges</name>
         <load_address>0x78</load_address>
         <run_address>0x78</run_address>
         <size>0x20</size>
         <input_file_ref idref="fl-c0"/>
      </object_component>
      <object_component id="oc-15f">
         <name>.debug_aranges</name>
         <load_address>0x98</load_address>
         <run_address>0x98</run_address>
         <size>0x20</size>
         <input_file_ref idref="fl-c0"/>
      </object_component>
      <object_component id="oc-df">
         <name>.debug_aranges</name>
         <load_address>0xb8</load_address>
         <run_address>0xb8</run_address>
         <size>0x20</size>
         <input_file_ref idref="fl-c0"/>
      </object_component>
      <object_component id="oc-da">
         <name>.debug_aranges</name>
         <load_address>0xd8</load_address>
         <run_address>0xd8</run_address>
         <size>0x20</size>
         <input_file_ref idref="fl-c0"/>
      </object_component>
      <object_component id="oc-f6">
         <name>.debug_aranges</name>
         <load_address>0xf8</load_address>
         <run_address>0xf8</run_address>
         <size>0x20</size>
         <input_file_ref idref="fl-c3"/>
      </object_component>
      <object_component id="oc-fc">
         <name>.debug_aranges</name>
         <load_address>0x118</load_address>
         <run_address>0x118</run_address>
         <size>0x20</size>
         <input_file_ref idref="fl-c3"/>
      </object_component>
      <object_component id="oc-f0">
         <name>.debug_aranges</name>
         <load_address>0x138</load_address>
         <run_address>0x138</run_address>
         <size>0x20</size>
         <input_file_ref idref="fl-c3"/>
      </object_component>
      <object_component id="oc-102">
         <name>.debug_aranges</name>
         <load_address>0x158</load_address>
         <run_address>0x158</run_address>
         <size>0x20</size>
         <input_file_ref idref="fl-c3"/>
      </object_component>
      <object_component id="oc-e4">
         <name>.debug_aranges</name>
         <load_address>0x178</load_address>
         <run_address>0x178</run_address>
         <size>0x20</size>
         <input_file_ref idref="fl-c3"/>
      </object_component>
      <object_component id="oc-d4">
         <name>.debug_aranges</name>
         <load_address>0x198</load_address>
         <run_address>0x198</run_address>
         <size>0x20</size>
         <input_file_ref idref="fl-c4"/>
      </object_component>
      <object_component id="oc-ce">
         <name>.debug_aranges</name>
         <load_address>0x1b8</load_address>
         <run_address>0x1b8</run_address>
         <size>0x20</size>
         <input_file_ref idref="fl-c4"/>
      </object_component>
      <object_component id="oc-c7">
         <name>.debug_aranges</name>
         <load_address>0x1d8</load_address>
         <run_address>0x1d8</run_address>
         <size>0x20</size>
         <input_file_ref idref="fl-c4"/>
      </object_component>
      <object_component id="oc-eb">
         <name>.debug_aranges</name>
         <load_address>0x1f8</load_address>
         <run_address>0x1f8</run_address>
         <size>0x20</size>
         <input_file_ref idref="fl-c4"/>
      </object_component>
      <object_component id="oc-94">
         <name>.debug_aranges</name>
         <load_address>0x218</load_address>
         <run_address>0x218</run_address>
         <size>0x20</size>
         <input_file_ref idref="fl-ca"/>
      </object_component>
      <object_component id="oc-10a">
         <name>.debug_aranges</name>
         <load_address>0x238</load_address>
         <run_address>0x238</run_address>
         <size>0x20</size>
         <input_file_ref idref="fl-cc"/>
      </object_component>
      <object_component id="oc-9b">
         <name>.debug_pubnames</name>
         <load_address>0x0</load_address>
         <run_address>0x0</run_address>
         <size>0x1b</size>
         <input_file_ref idref="fl-2"/>
      </object_component>
      <object_component id="oc-11">
         <name>.debug_pubnames</name>
         <load_address>0x1b</load_address>
         <run_address>0x1b</run_address>
         <size>0x23</size>
         <input_file_ref idref="fl-3"/>
      </object_component>
      <object_component id="oc-27">
         <name>.debug_pubnames</name>
         <load_address>0x3e</load_address>
         <run_address>0x3e</run_address>
         <size>0x4c</size>
         <input_file_ref idref="fl-3"/>
      </object_component>
      <object_component id="oc-23">
         <name>.debug_pubnames</name>
         <load_address>0x8a</load_address>
         <run_address>0x8a</run_address>
         <size>0x1e</size>
         <input_file_ref idref="fl-bf"/>
      </object_component>
      <object_component id="oc-52">
         <name>.debug_pubnames</name>
         <load_address>0xa8</load_address>
         <run_address>0xa8</run_address>
         <size>0x2d</size>
         <input_file_ref idref="fl-bf"/>
      </object_component>
      <object_component id="oc-154">
         <name>.debug_pubnames</name>
         <load_address>0xd5</load_address>
         <run_address>0xd5</run_address>
         <size>0x2b</size>
         <input_file_ref idref="fl-c0"/>
      </object_component>
      <object_component id="oc-15a">
         <name>.debug_pubnames</name>
         <load_address>0x100</load_address>
         <run_address>0x100</run_address>
         <size>0x25</size>
         <input_file_ref idref="fl-c0"/>
      </object_component>
      <object_component id="oc-160">
         <name>.debug_pubnames</name>
         <load_address>0x125</load_address>
         <run_address>0x125</run_address>
         <size>0x27</size>
         <input_file_ref idref="fl-c0"/>
      </object_component>
      <object_component id="oc-e0">
         <name>.debug_pubnames</name>
         <load_address>0x14c</load_address>
         <run_address>0x14c</run_address>
         <size>0x25</size>
         <input_file_ref idref="fl-c0"/>
      </object_component>
      <object_component id="oc-d9">
         <name>.debug_pubnames</name>
         <load_address>0x171</load_address>
         <run_address>0x171</run_address>
         <size>0x27</size>
         <input_file_ref idref="fl-c0"/>
      </object_component>
      <object_component id="oc-f8">
         <name>.debug_pubnames</name>
         <load_address>0x198</load_address>
         <run_address>0x198</run_address>
         <size>0x27</size>
         <input_file_ref idref="fl-c3"/>
      </object_component>
      <object_component id="oc-fe">
         <name>.debug_pubnames</name>
         <load_address>0x1bf</load_address>
         <run_address>0x1bf</run_address>
         <size>0x25</size>
         <input_file_ref idref="fl-c3"/>
      </object_component>
      <object_component id="oc-f2">
         <name>.debug_pubnames</name>
         <load_address>0x1e4</load_address>
         <run_address>0x1e4</run_address>
         <size>0x26</size>
         <input_file_ref idref="fl-c3"/>
      </object_component>
      <object_component id="oc-104">
         <name>.debug_pubnames</name>
         <load_address>0x20a</load_address>
         <run_address>0x20a</run_address>
         <size>0x23</size>
         <input_file_ref idref="fl-c3"/>
      </object_component>
      <object_component id="oc-e6">
         <name>.debug_pubnames</name>
         <load_address>0x22d</load_address>
         <run_address>0x22d</run_address>
         <size>0x26</size>
         <input_file_ref idref="fl-c3"/>
      </object_component>
      <object_component id="oc-168">
         <name>.debug_pubnames</name>
         <load_address>0x253</load_address>
         <run_address>0x253</run_address>
         <size>0x23</size>
         <input_file_ref idref="fl-c4"/>
      </object_component>
      <object_component id="oc-d3">
         <name>.debug_pubnames</name>
         <load_address>0x276</load_address>
         <run_address>0x276</run_address>
         <size>0x2d</size>
         <input_file_ref idref="fl-c4"/>
      </object_component>
      <object_component id="oc-cd">
         <name>.debug_pubnames</name>
         <load_address>0x2a3</load_address>
         <run_address>0x2a3</run_address>
         <size>0x28</size>
         <input_file_ref idref="fl-c4"/>
      </object_component>
      <object_component id="oc-c8">
         <name>.debug_pubnames</name>
         <load_address>0x2cb</load_address>
         <run_address>0x2cb</run_address>
         <size>0x25</size>
         <input_file_ref idref="fl-c4"/>
      </object_component>
      <object_component id="oc-ec">
         <name>.debug_pubnames</name>
         <load_address>0x2f0</load_address>
         <run_address>0x2f0</run_address>
         <size>0x25</size>
         <input_file_ref idref="fl-c4"/>
      </object_component>
      <object_component id="oc-95">
         <name>.debug_pubnames</name>
         <load_address>0x315</load_address>
         <run_address>0x315</run_address>
         <size>0x27</size>
         <input_file_ref idref="fl-ca"/>
      </object_component>
      <object_component id="oc-10b">
         <name>.debug_pubnames</name>
         <load_address>0x33c</load_address>
         <run_address>0x33c</run_address>
         <size>0x1c</size>
         <input_file_ref idref="fl-cc"/>
      </object_component>
      <object_component id="oc-6e">
         <name>.debug_pubtypes</name>
         <load_address>0x0</load_address>
         <run_address>0x0</run_address>
         <size>0x25c</size>
         <input_file_ref idref="fl-2"/>
      </object_component>
      <object_component id="oc-b0">
         <name>.debug_pubtypes</name>
         <load_address>0x25c</load_address>
         <run_address>0x25c</run_address>
         <size>0xff</size>
         <input_file_ref idref="fl-2"/>
      </object_component>
      <object_component id="oc-ab">
         <name>.debug_pubtypes</name>
         <load_address>0x35b</load_address>
         <run_address>0x35b</run_address>
         <size>0x325</size>
         <input_file_ref idref="fl-2"/>
      </object_component>
      <object_component id="oc-73">
         <name>.debug_pubtypes</name>
         <load_address>0x680</load_address>
         <run_address>0x680</run_address>
         <size>0xaa</size>
         <input_file_ref idref="fl-2"/>
      </object_component>
      <object_component id="oc-34">
         <name>.debug_pubtypes</name>
         <load_address>0x72a</load_address>
         <run_address>0x72a</run_address>
         <size>0xed</size>
         <input_file_ref idref="fl-3"/>
      </object_component>
      <object_component id="oc-14b">
         <name>.debug_pubtypes</name>
         <load_address>0x817</load_address>
         <run_address>0x817</run_address>
         <size>0x1c6</size>
         <input_file_ref idref="fl-c0"/>
      </object_component>
      <object_component id="oc-191">
         <name>.debug_pubtypes</name>
         <load_address>0x9dd</load_address>
         <run_address>0x9dd</run_address>
         <size>0x28</size>
         <input_file_ref idref="fl-c4"/>
      </object_component>
   </object_component_list>
   <logical_group_list>
      <logical_group id="lg-3" display="no" color="cyan">
         <name>.intvecs</name>
         <load_address>0x0</load_address>
         <run_address>0x0</run_address>
         <size>0x26c</size>
         <contents>
            <object_component_ref idref="oc-f"/>
         </contents>
      </logical_group>
      <logical_group id="lg-4" display="no" color="cyan">
         <name>.text</name>
         <load_address>0x26c</load_address>
         <run_address>0x26c</run_address>
         <size>0x55a</size>
         <contents>
            <object_component_ref idref="oc-15d"/>
            <object_component_ref idref="oc-e9"/>
            <object_component_ref idref="oc-c5"/>
            <object_component_ref idref="oc-98"/>
            <object_component_ref idref="oc-d7"/>
            <object_component_ref idref="oc-d1"/>
            <object_component_ref idref="oc-50"/>
            <object_component_ref idref="oc-157"/>
            <object_component_ref idref="oc-e3"/>
            <object_component_ref idref="oc-f5"/>
            <object_component_ref idref="oc-cb"/>
            <object_component_ref idref="oc-dd"/>
            <object_component_ref idref="oc-fb"/>
            <object_component_ref idref="oc-ef"/>
            <object_component_ref idref="oc-101"/>
            <object_component_ref idref="oc-24"/>
            <object_component_ref idref="oc-148"/>
            <object_component_ref idref="oc-92"/>
            <object_component_ref idref="oc-108"/>
         </contents>
      </logical_group>
      <logical_group id="lg-5" display="no" color="cyan">
         <name>.const</name>
         <load_address>0x7c8</load_address>
         <run_address>0x7c8</run_address>
         <size>0xfc</size>
         <contents>
            <object_component_ref idref="oc-152"/>
            <object_component_ref idref="oc-166"/>
         </contents>
      </logical_group>
      <logical_group id="lg-6" display="no" color="cyan">
         <name>.cinit</name>
         <run_address>0x0</run_address>
         <size>0x0</size>
         <contents>
         </contents>
      </logical_group>
      <logical_group id="lg-7" display="no" color="cyan">
         <name>.pinit</name>
         <run_address>0x0</run_address>
         <size>0x0</size>
         <contents>
         </contents>
      </logical_group>
      <logical_group id="lg-8" display="no" color="cyan">
         <name>.init_array</name>
         <run_address>0x0</run_address>
         <size>0x0</size>
         <contents>
         </contents>
      </logical_group>
      <logical_group id="lg-9" display="no" color="cyan">
         <name>.vtable</name>
         <run_address>0x0</run_address>
         <size>0x0</size>
         <contents>
         </contents>
      </logical_group>
      <logical_group id="lg-a" display="no" color="cyan">
         <name>.data</name>
         <run_address>0x0</run_address>
         <size>0x0</size>
         <contents>
         </contents>
      </logical_group>
      <logical_group id="lg-b" display="no" color="cyan">
         <name>.bss</name>
         <run_address>0x0</run_address>
         <size>0x0</size>
         <contents>
         </contents>
      </logical_group>
      <logical_group id="lg-c" display="no" color="cyan">
         <name>.sysmem</name>
         <run_address>0x0</run_address>
         <size>0x0</size>
         <contents>
         </contents>
      </logical_group>
      <logical_group id="lg-d" display="no" color="cyan">
         <name>.stack</name>
         <run_address>0x20000000</run_address>
         <size>0x200</size>
         <contents>
            <object_component_ref idref="oc-21"/>
            <object_component_ref idref="oc-1f7"/>
         </contents>
      </logical_group>
      <logical_group id="lg-1cf" display="no" color="cyan">
         <name>.TI.noinit</name>
         <run_address>0x0</run_address>
         <size>0x0</size>
         <contents>
         </contents>
      </logical_group>
      <logical_group id="lg-1d0" display="no" color="cyan">
         <name>.TI.persistent</name>
         <run_address>0x0</run_address>
         <size>0x0</size>
         <contents>
         </contents>
      </logical_group>
      <logical_group id="lg-1de" display="never" color="cyan">
         <name>.debug_info</name>
         <load_address>0x0</load_address>
         <run_address>0x0</run_address>
         <size>0x4781</size>
         <contents>
            <object_component_ref idref="oc-b4"/>
            <object_component_ref idref="oc-99"/>
            <object_component_ref idref="oc-6d"/>
            <object_component_ref idref="oc-af"/>
            <object_component_ref idref="oc-aa"/>
            <object_component_ref idref="oc-72"/>
            <object_component_ref idref="oc-2c"/>
            <object_component_ref idref="oc-10"/>
            <object_component_ref idref="oc-25"/>
            <object_component_ref idref="oc-33"/>
            <object_component_ref idref="oc-22"/>
            <object_component_ref idref="oc-51"/>
            <object_component_ref idref="oc-156"/>
            <object_component_ref idref="oc-153"/>
            <object_component_ref idref="oc-158"/>
            <object_component_ref idref="oc-15e"/>
            <object_component_ref idref="oc-de"/>
            <object_component_ref idref="oc-d8"/>
            <object_component_ref idref="oc-14a"/>
            <object_component_ref idref="oc-165"/>
            <object_component_ref idref="oc-f7"/>
            <object_component_ref idref="oc-fd"/>
            <object_component_ref idref="oc-f1"/>
            <object_component_ref idref="oc-103"/>
            <object_component_ref idref="oc-e5"/>
            <object_component_ref idref="oc-14f"/>
            <object_component_ref idref="oc-167"/>
            <object_component_ref idref="oc-d2"/>
            <object_component_ref idref="oc-cc"/>
            <object_component_ref idref="oc-c6"/>
            <object_component_ref idref="oc-ea"/>
            <object_component_ref idref="oc-190"/>
            <object_component_ref idref="oc-93"/>
            <object_component_ref idref="oc-109"/>
            <object_component_ref idref="oc-1f8"/>
         </contents>
      </logical_group>
      <logical_group id="lg-1e0" display="never" color="cyan">
         <name>.debug_line</name>
         <load_address>0x0</load_address>
         <run_address>0x0</run_address>
         <size>0x11a6</size>
         <contents>
            <object_component_ref idref="oc-147"/>
            <object_component_ref idref="oc-9c"/>
            <object_component_ref idref="oc-70"/>
            <object_component_ref idref="oc-b2"/>
            <object_component_ref idref="oc-ad"/>
            <object_component_ref idref="oc-75"/>
            <object_component_ref idref="oc-6c"/>
            <object_component_ref idref="oc-2b"/>
            <object_component_ref idref="oc-29"/>
            <object_component_ref idref="oc-36"/>
            <object_component_ref idref="oc-69"/>
            <object_component_ref idref="oc-55"/>
            <object_component_ref idref="oc-198"/>
            <object_component_ref idref="oc-196"/>
            <object_component_ref idref="oc-15c"/>
            <object_component_ref idref="oc-162"/>
            <object_component_ref idref="oc-e2"/>
            <object_component_ref idref="oc-db"/>
            <object_component_ref idref="oc-14d"/>
            <object_component_ref idref="oc-19c"/>
            <object_component_ref idref="oc-f9"/>
            <object_component_ref idref="oc-ff"/>
            <object_component_ref idref="oc-f3"/>
            <object_component_ref idref="oc-105"/>
            <object_component_ref idref="oc-e7"/>
            <object_component_ref idref="oc-18f"/>
            <object_component_ref idref="oc-19e"/>
            <object_component_ref idref="oc-d5"/>
            <object_component_ref idref="oc-cf"/>
            <object_component_ref idref="oc-c9"/>
            <object_component_ref idref="oc-ed"/>
            <object_component_ref idref="oc-193"/>
            <object_component_ref idref="oc-97"/>
            <object_component_ref idref="oc-10d"/>
         </contents>
      </logical_group>
      <logical_group id="lg-1e2" display="never" color="cyan">
         <name>.debug_frame</name>
         <load_address>0x0</load_address>
         <run_address>0x0</run_address>
         <size>0x8a4</size>
         <contents>
            <object_component_ref idref="oc-9d"/>
            <object_component_ref idref="oc-28"/>
            <object_component_ref idref="oc-54"/>
            <object_component_ref idref="oc-15b"/>
            <object_component_ref idref="oc-161"/>
            <object_component_ref idref="oc-e1"/>
            <object_component_ref idref="oc-dc"/>
            <object_component_ref idref="oc-fa"/>
            <object_component_ref idref="oc-100"/>
            <object_component_ref idref="oc-f4"/>
            <object_component_ref idref="oc-106"/>
            <object_component_ref idref="oc-e8"/>
            <object_component_ref idref="oc-d6"/>
            <object_component_ref idref="oc-d0"/>
            <object_component_ref idref="oc-ca"/>
            <object_component_ref idref="oc-ee"/>
            <object_component_ref idref="oc-96"/>
            <object_component_ref idref="oc-10c"/>
         </contents>
      </logical_group>
      <logical_group id="lg-1e4" display="never" color="cyan">
         <name>.debug_abbrev</name>
         <load_address>0x0</load_address>
         <run_address>0x0</run_address>
         <size>0xc00</size>
         <contents>
            <object_component_ref idref="oc-146"/>
            <object_component_ref idref="oc-107"/>
            <object_component_ref idref="oc-6f"/>
            <object_component_ref idref="oc-b1"/>
            <object_component_ref idref="oc-ac"/>
            <object_component_ref idref="oc-74"/>
            <object_component_ref idref="oc-6b"/>
            <object_component_ref idref="oc-2a"/>
            <object_component_ref idref="oc-6a"/>
            <object_component_ref idref="oc-35"/>
            <object_component_ref idref="oc-68"/>
            <object_component_ref idref="oc-9f"/>
            <object_component_ref idref="oc-197"/>
            <object_component_ref idref="oc-195"/>
            <object_component_ref idref="oc-199"/>
            <object_component_ref idref="oc-19a"/>
            <object_component_ref idref="oc-163"/>
            <object_component_ref idref="oc-155"/>
            <object_component_ref idref="oc-14c"/>
            <object_component_ref idref="oc-19b"/>
            <object_component_ref idref="oc-16b"/>
            <object_component_ref idref="oc-16c"/>
            <object_component_ref idref="oc-16a"/>
            <object_component_ref idref="oc-16d"/>
            <object_component_ref idref="oc-164"/>
            <object_component_ref idref="oc-18e"/>
            <object_component_ref idref="oc-19d"/>
            <object_component_ref idref="oc-151"/>
            <object_component_ref idref="oc-150"/>
            <object_component_ref idref="oc-149"/>
            <object_component_ref idref="oc-169"/>
            <object_component_ref idref="oc-192"/>
            <object_component_ref idref="oc-c4"/>
            <object_component_ref idref="oc-16e"/>
            <object_component_ref idref="oc-1f9"/>
         </contents>
      </logical_group>
      <logical_group id="lg-1e6" display="never" color="cyan">
         <name>.debug_str</name>
         <load_address>0x0</load_address>
         <run_address>0x0</run_address>
         <size>0xc9e</size>
         <contents>
            <object_component_ref idref="oc-71"/>
            <object_component_ref idref="oc-b3"/>
            <object_component_ref idref="oc-ae"/>
            <object_component_ref idref="oc-76"/>
            <object_component_ref idref="oc-37"/>
            <object_component_ref idref="oc-14e"/>
            <object_component_ref idref="oc-194"/>
         </contents>
      </logical_group>
      <logical_group id="lg-1e8" display="never" color="cyan">
         <name>.debug_aranges</name>
         <load_address>0x0</load_address>
         <run_address>0x0</run_address>
         <size>0x258</size>
         <contents>
            <object_component_ref idref="oc-9a"/>
            <object_component_ref idref="oc-26"/>
            <object_component_ref idref="oc-53"/>
            <object_component_ref idref="oc-159"/>
            <object_component_ref idref="oc-15f"/>
            <object_component_ref idref="oc-df"/>
            <object_component_ref idref="oc-da"/>
            <object_component_ref idref="oc-f6"/>
            <object_component_ref idref="oc-fc"/>
            <object_component_ref idref="oc-f0"/>
            <object_component_ref idref="oc-102"/>
            <object_component_ref idref="oc-e4"/>
            <object_component_ref idref="oc-d4"/>
            <object_component_ref idref="oc-ce"/>
            <object_component_ref idref="oc-c7"/>
            <object_component_ref idref="oc-eb"/>
            <object_component_ref idref="oc-94"/>
            <object_component_ref idref="oc-10a"/>
         </contents>
      </logical_group>
      <logical_group id="lg-1ea" display="never" color="cyan">
         <name>.debug_pubnames</name>
         <load_address>0x0</load_address>
         <run_address>0x0</run_address>
         <size>0x358</size>
         <contents>
            <object_component_ref idref="oc-9b"/>
            <object_component_ref idref="oc-11"/>
            <object_component_ref idref="oc-27"/>
            <object_component_ref idref="oc-23"/>
            <object_component_ref idref="oc-52"/>
            <object_component_ref idref="oc-154"/>
            <object_component_ref idref="oc-15a"/>
            <object_component_ref idref="oc-160"/>
            <object_component_ref idref="oc-e0"/>
            <object_component_ref idref="oc-d9"/>
            <object_component_ref idref="oc-f8"/>
            <object_component_ref idref="oc-fe"/>
            <object_component_ref idref="oc-f2"/>
            <object_component_ref idref="oc-104"/>
            <object_component_ref idref="oc-e6"/>
            <object_component_ref idref="oc-168"/>
            <object_component_ref idref="oc-d3"/>
            <object_component_ref idref="oc-cd"/>
            <object_component_ref idref="oc-c8"/>
            <object_component_ref idref="oc-ec"/>
            <object_component_ref idref="oc-95"/>
            <object_component_ref idref="oc-10b"/>
         </contents>
      </logical_group>
      <logical_group id="lg-1ec" display="never" color="cyan">
         <name>.debug_pubtypes</name>
         <load_address>0x0</load_address>
         <run_address>0x0</run_address>
         <size>0xa05</size>
         <contents>
            <object_component_ref idref="oc-6e"/>
            <object_component_ref idref="oc-b0"/>
            <object_component_ref idref="oc-ab"/>
            <object_component_ref idref="oc-73"/>
            <object_component_ref idref="oc-34"/>
            <object_component_ref idref="oc-14b"/>
            <object_component_ref idref="oc-191"/>
         </contents>
      </logical_group>
      <load_segment id="lg-1fc" display="no" color="cyan">
         <name>SEGMENT_0</name>
         <load_address>0x0</load_address>
         <run_address>0x0</run_address>
         <size>0x8c4</size>
         <flags>0x5</flags>
         <contents>
            <logical_group_ref idref="lg-3"/>
            <logical_group_ref idref="lg-4"/>
            <logical_group_ref idref="lg-5"/>
         </contents>
      </load_segment>
      <load_segment id="lg-1fd" display="no" color="cyan">
         <name>SEGMENT_1</name>
         <run_address>0x20000000</run_address>
         <size>0x200</size>
         <flags>0x6</flags>
         <contents>
            <logical_group_ref idref="lg-d"/>
         </contents>
      </load_segment>
   </logical_group_list>
   <placement_map>
      <memory_area display="yes" color="green">
         <name>FLASH</name>
         <page_id>0x0</page_id>
         <origin>0x0</origin>
         <length>0x40000</length>
         <used_space>0x8c2</used_space>
         <unused_space>0x3f73e</unused_space>
         <attributes>RX</attributes>
         <usage_details>
            <allocated_space>
               <start_address>0x0</start_address>
               <size>0x26c</size>
               <logical_group_ref idref="lg-3"/>
            </allocated_space>
            <allocated_space>
               <start_address>0x26c</start_address>
               <size>0x55a</size>
               <logical_group_ref idref="lg-4"/>
            </allocated_space>
            <available_space>
               <start_address>0x7c6</start_address>
               <size>0x2</size>
            </available_space>
            <allocated_space>
               <start_address>0x7c8</start_address>
               <size>0xfc</size>
               <logical_group_ref idref="lg-5"/>
            </allocated_space>
            <available_space>
               <start_address>0x8c4</start_address>
               <size>0x3f73c</size>
            </available_space>
         </usage_details>
      </memory_area>
      <memory_area display="yes" color="green">
         <name>SRAM</name>
         <page_id>0x0</page_id>
         <origin>0x20000000</origin>
         <length>0x8000</length>
         <used_space>0x200</used_space>
         <unused_space>0x7e00</unused_space>
         <attributes>RWX</attributes>
         <usage_details>
            <allocated_space>
               <start_address>0x20000000</start_address>
               <size>0x200</size>
               <logical_group_ref idref="lg-d"/>
            </allocated_space>
            <available_space>
               <start_address>0x20000200</start_address>
               <size>0x7e00</size>
            </available_space>
         </usage_details>
      </memory_area>
   </placement_map>
   <symbol_table>
      <symbol id="sm-1">
         <name>__STACK_TOP</name>
         <value>0x20000200</value>
      </symbol>
      <symbol id="sm-2">
         <name>binit</name>
         <value>0xffffffff</value>
      </symbol>
      <symbol id="sm-3">
         <name>__binit__</name>
         <value>0xffffffff</value>
      </symbol>
      <symbol id="sm-4">
         <name>__STACK_SIZE</name>
         <value>0x200</value>
      </symbol>
      <symbol id="sm-5">
         <name>__STACK_END</name>
         <value>0x20000200</value>
      </symbol>
      <symbol id="sm-6">
         <name>__c_args__</name>
         <value>0xffffffff</value>
      </symbol>
      <symbol id="sm-7">
         <name>__TI_pprof_out_hndl</name>
         <value>0xffffffff</value>
      </symbol>
      <symbol id="sm-8">
         <name>__TI_prof_data_start</name>
         <value>0xffffffff</value>
      </symbol>
      <symbol id="sm-9">
         <name>__TI_prof_data_size</name>
         <value>0xffffffff</value>
      </symbol>
      <symbol id="sm-a">
         <name>__TI_static_base__</name>
         <value>0x0</value>
      </symbol>
      <symbol id="sm-48">
         <name>main</name>
         <value>0x5a5</value>
         <object_component_ref idref="oc-98"/>
      </symbol>
      <symbol id="sm-69">
         <name>ResetISR</name>
         <value>0x7ad</value>
         <object_component_ref idref="oc-24"/>
      </symbol>
      <symbol id="sm-6a">
         <name>g_pfnVectors</name>
         <value>0x0</value>
         <object_component_ref idref="oc-f"/>
      </symbol>
      <symbol id="sm-7d">
         <name>_c_int00_noinit_noargs</name>
         <value>0x6bd</value>
         <object_component_ref idref="oc-50"/>
      </symbol>
      <symbol id="sm-7e">
         <name>__stack</name>
         <value>0x20000000</value>
         <object_component_ref idref="oc-21"/>
      </symbol>
      <symbol id="sm-b5">
         <name>GPIOPinTypePWM</name>
         <value>0x76d</value>
         <object_component_ref idref="oc-dd"/>
      </symbol>
      <symbol id="sm-b6">
         <name>GPIOPinConfigure</name>
         <value>0x641</value>
         <object_component_ref idref="oc-d7"/>
      </symbol>
      <symbol id="sm-b7">
         <name>GPIODirModeSet</name>
         <value>0x6ed</value>
         <object_component_ref idref="oc-157"/>
      </symbol>
      <symbol id="sm-b8">
         <name>GPIOPadConfigSet</name>
         <value>0x26d</value>
         <object_component_ref idref="oc-15d"/>
      </symbol>
      <symbol id="sm-e7">
         <name>PWMGenPeriodSet</name>
         <value>0x791</value>
         <object_component_ref idref="oc-ef"/>
      </symbol>
      <symbol id="sm-e8">
         <name>PWMPulseWidthSet</name>
         <value>0x739</value>
         <object_component_ref idref="oc-f5"/>
      </symbol>
      <symbol id="sm-e9">
         <name>PWMOutputState</name>
         <value>0x77f</value>
         <object_component_ref idref="oc-fb"/>
      </symbol>
      <symbol id="sm-ea">
         <name>PWMGenEnable</name>
         <value>0x7a1</value>
         <object_component_ref idref="oc-101"/>
      </symbol>
      <symbol id="sm-eb">
         <name>PWMGenConfigure</name>
         <value>0x717</value>
         <object_component_ref idref="oc-e3"/>
      </symbol>
      <symbol id="sm-147">
         <name>SysCtlClockSet</name>
         <value>0x4b1</value>
         <object_component_ref idref="oc-c5"/>
      </symbol>
      <symbol id="sm-148">
         <name>SysCtlDelay</name>
         <value>0x7b9</value>
         <object_component_ref idref="oc-148"/>
      </symbol>
      <symbol id="sm-149">
         <name>SysCtlPeripheralEnable</name>
         <value>0x689</value>
         <object_component_ref idref="oc-d1"/>
      </symbol>
      <symbol id="sm-14a">
         <name>SysCtlClockGet</name>
         <value>0x3a1</value>
         <object_component_ref idref="oc-e9"/>
      </symbol>
      <symbol id="sm-14b">
         <name>SysCtlPWMClockSet</name>
         <value>0x759</value>
         <object_component_ref idref="oc-cb"/>
      </symbol>
      <symbol id="sm-15a">
         <name>_system_pre_init</name>
         <value>0x7bf</value>
         <object_component_ref idref="oc-92"/>
      </symbol>
      <symbol id="sm-166">
         <name>C$$EXIT</name>
         <value>0x7c3</value>
         <object_component_ref idref="oc-108"/>
      </symbol>
      <symbol id="sm-167">
         <name>abort</name>
         <value>0x7c3</value>
         <object_component_ref idref="oc-108"/>
      </symbol>
      <symbol id="sm-16b">
         <name>__mpu_init</name>
         <value>0x0</value>
      </symbol>
   </symbol_table>
   <title>Link successful</title>
</link_info>
